--0 RECORD_STATUS
INSERT INTO RECORD_STATUS (RECORD_STATUS_RID, RECORD_STATUS_NAME) VALUES(1,'Saved');
INSERT INTO RECORD_STATUS (RECORD_STATUS_RID, RECORD_STATUS_NAME) VALUES(2,'Submitted');
INSERT INTO RECORD_STATUS (RECORD_STATUS_RID, RECORD_STATUS_NAME) VALUES(3,'Approved');
INSERT INTO RECORD_STATUS (RECORD_STATUS_RID, RECORD_STATUS_NAME) VALUES(4,'Rejected');

--1 HO
INSERT INTO HO (HO_RID, HO_NAME, HO_ADDRESS__ADDRESS_ID)VALUES(1,'Mumbai Office', 1);

--2 Unit Type
INSERT INTO UNIT_TYPE (UNIT_TYPE_RID, UNIT_TYPE_NAME)VALUES(1, 'HQ');
INSERT INTO UNIT_TYPE (UNIT_TYPE_RID, UNIT_TYPE_NAME)VALUES(2, 'Districts');
INSERT INTO UNIT_TYPE (UNIT_TYPE_RID, UNIT_TYPE_NAME)VALUES(3, 'Municipal Corporation');
INSERT INTO UNIT_TYPE (UNIT_TYPE_RID, UNIT_TYPE_NAME)VALUES(4, 'DDHS');
INSERT INTO UNIT_TYPE (UNIT_TYPE_RID, UNIT_TYPE_NAME)VALUES(5, 'HFWTC');

--3 UNIT
INSERT INTO UNIT(UNIT_RID, UNIT__UNIT_TYPE_RID, UNIT__HO_RID)VALUES(1,1, 1);
INSERT INTO UNIT(UNIT_RID, UNIT__UNIT_TYPE_RID, UNIT__HO_RID)VALUES(2,2, 1);

--4 UNIT_DTL
INSERT INTO UNIT_DTL(UNIT_DTL_RID, UNIT_DTL__UNIT_RID, UNIT_DTL_NAME, UNIT_DTL__ADDRESS_RID)VALUES(1,1, 'Mumbai HQ 1', 1);
INSERT INTO UNIT_DTL(UNIT_DTL_RID, UNIT_DTL__UNIT_RID, UNIT_DTL_NAME, UNIT_DTL__ADDRESS_RID)VALUES(2,2, 'Dhule', 1);
INSERT INTO UNIT_DTL(UNIT_DTL_RID, UNIT_DTL__UNIT_RID, UNIT_DTL_NAME, UNIT_DTL__ADDRESS_RID)VALUES(3,2, 'Thane', 1);

--5 ROLE
INSERT INTO ROLE(ROLE_RID, ROLE_TYPE_NAME)VALUES(1, 'Admin');
INSERT INTO ROLE(ROLE_RID, ROLE_TYPE_NAME)VALUES(2, 'User');
INSERT INTO ROLE(ROLE_RID, ROLE_TYPE_NAME)VALUES(3, 'Maker');
INSERT INTO ROLE(ROLE_RID, ROLE_TYPE_NAME)VALUES(4, 'Checker');

--6 USER_INFO
INSERT INTO USER_INFO(USER_INFO_RID, USER_INFO_USERNAME, USER_INFO_PASSWORD, USER_INFO_ACTIVE, USER_INFO__UNIT_RID)VALUES(1,'adminhq', 'adminhq', 1, 1 );
INSERT INTO USER_INFO(USER_INFO_RID, USER_INFO_USERNAME, USER_INFO_PASSWORD, USER_INFO_ACTIVE, USER_INFO__UNIT_RID)VALUES(2,'makerhq', 'makerhq', 1, 1 );
INSERT INTO USER_INFO(USER_INFO_RID, USER_INFO_USERNAME, USER_INFO_PASSWORD, USER_INFO_ACTIVE, USER_INFO__UNIT_RID)VALUES(3,'makerdhl', 'makerdhl', 1, 2 );
INSERT INTO USER_INFO(USER_INFO_RID, USER_INFO_USERNAME, USER_INFO_PASSWORD, USER_INFO_ACTIVE, USER_INFO__UNIT_RID)VALUES(4,'checkerdhl', 'checkerdhl', 1, 2 );

--7 USER_ROLE
INSERT INTO USER_ROLE(USER_ROLE__USER_INFO_RID, USER_ROLE__ROLE_RID)VALUES(1, 1 );
INSERT INTO USER_ROLE(USER_ROLE__USER_INFO_RID, USER_ROLE__ROLE_RID)VALUES(1, 4 );
INSERT INTO USER_ROLE(USER_ROLE__USER_INFO_RID, USER_ROLE__ROLE_RID)VALUES(2, 2 );
INSERT INTO USER_ROLE(USER_ROLE__USER_INFO_RID, USER_ROLE__ROLE_RID)VALUES(2, 4 );

INSERT INTO USER_ROLE(USER_ROLE__USER_INFO_RID, USER_ROLE__ROLE_RID)VALUES(3, 2 );
INSERT INTO USER_ROLE(USER_ROLE__USER_INFO_RID, USER_ROLE__ROLE_RID)VALUES(3, 3 );
INSERT INTO USER_ROLE(USER_ROLE__USER_INFO_RID, USER_ROLE__ROLE_RID)VALUES(4, 2 );
INSERT INTO USER_ROLE(USER_ROLE__USER_INFO_RID, USER_ROLE__ROLE_RID)VALUES(4, 4 );


--8 Address
INSERT INTO ADDRESS(ADDRESS_RID, ADDRESS_TYPE, ADDRESS, ADDRESS_TALK, ADDRESS_DIST, ADDRESS_PIN_CODE, ADDRESS_PHONE_NO, ADDRESS_MOBILE_NO)VALUES(1,'CURRENT','Mordad Tanda', 'Dhule', 'Dhule',100,5255,587966 );

--9   Employee
INSERT INTO EMP_TBL(EMP_TBL_EMP_RID, EMP_TBL__USER_INFO_RID, EMP_TBL_FIRST_NAME, EMP_TBL_MIDLE_NAME, EMP_TBL_LAST_NAME, EMP_TBL_GENDER, EMP_TBL_DOB) 
VALUES(1, 1, 'HQ', 'HQ', 'HQ', 'Male', sysdate() );

INSERT INTO EMP_TBL(EMP_TBL_EMP_RID, EMP_TBL__USER_INFO_RID, EMP_TBL_FIRST_NAME, EMP_TBL_MIDLE_NAME, EMP_TBL_LAST_NAME, EMP_TBL_GENDER, EMP_TBL_DOB) 
VALUES(2, 2, 'HQ', 'HQ', 'HQ', 'Male', sysdate() );

INSERT INTO EMP_TBL(EMP_TBL_EMP_RID, EMP_TBL__USER_INFO_RID, EMP_TBL_FIRST_NAME, EMP_TBL_MIDLE_NAME, EMP_TBL_LAST_NAME, EMP_TBL_GENDER, EMP_TBL_DOB) 
VALUES(3, 3, 'Dhule', 'Dhule', 'Dhule', 'Male', sysdate() );

INSERT INTO EMP_TBL(EMP_TBL_EMP_RID, EMP_TBL__USER_INFO_RID, EMP_TBL_FIRST_NAME, EMP_TBL_MIDLE_NAME, EMP_TBL_LAST_NAME, EMP_TBL_GENDER, EMP_TBL_DOB) 
VALUES(4, 4, 'Dhule', 'Dhule', 'Dhule', 'Male', sysdate() );

--10 Main Head prgrm
INSERT INTO MAIN_PROGRAM_HEAD(MAIN_PROGRAM_HEAD_RID, MAIN_PROGRAM_HEAD_YEAR, MAIN_PROGRAM_HEAD_NAME, MAIN_PROGRAM_HEAD_CODE) VALUES(1, '2018-19', 'National Health Mission', 'NO');

--11 Main Program
INSERT INTO MAIN_PROGRAM(MAIN_PROGRAM_RID, MAIN_PROGRAM_NEW_CODE, MAIN_PROGRAM_OLD_CODE,  MAIN_PROGRAM_NAME, MAIN_PROGRAM__MAIN_PROGRAM_HEAD_RID) VALUES(1,'1','No1','Service Delivery - Facility Based',1);
INSERT INTO MAIN_PROGRAM(MAIN_PROGRAM_RID, MAIN_PROGRAM_NEW_CODE, MAIN_PROGRAM_OLD_CODE,  MAIN_PROGRAM_NAME, MAIN_PROGRAM__MAIN_PROGRAM_HEAD_RID) VALUES(2,'2','No2','Service Delivery - Community Based',1);
INSERT INTO MAIN_PROGRAM(MAIN_PROGRAM_RID, MAIN_PROGRAM_NEW_CODE, MAIN_PROGRAM_OLD_CODE,  MAIN_PROGRAM_NAME, MAIN_PROGRAM__MAIN_PROGRAM_HEAD_RID) VALUES(3,'3','No3','Community Interventions',1);
INSERT INTO MAIN_PROGRAM(MAIN_PROGRAM_RID, MAIN_PROGRAM_NEW_CODE, MAIN_PROGRAM_OLD_CODE,  MAIN_PROGRAM_NAME, MAIN_PROGRAM__MAIN_PROGRAM_HEAD_RID) VALUES(4,'4','No4','Untied Fund',1);
INSERT INTO MAIN_PROGRAM(MAIN_PROGRAM_RID, MAIN_PROGRAM_NEW_CODE, MAIN_PROGRAM_OLD_CODE,  MAIN_PROGRAM_NAME, MAIN_PROGRAM__MAIN_PROGRAM_HEAD_RID) VALUES(5,'5','No5','Infrastructure',1);
   
--12 Main Sub Program
INSERT INTO MAIN_SUB_PROGRAM(MAIN_SUB_PROGRAM_RID, MAIN_SUB_PROGRAM_NEW_CODE, MAIN_SUB_PROGRAM_OLD_CODE,  MAIN_SUB_PROGRAM_NAME, MAIN_SUB_PROGRAM__MAIN_PROGRAM_RID) VALUES(1,'1.1','No1','Service Delivery',1);
INSERT INTO MAIN_SUB_PROGRAM(MAIN_SUB_PROGRAM_RID, MAIN_SUB_PROGRAM_NEW_CODE, MAIN_SUB_PROGRAM_OLD_CODE,  MAIN_SUB_PROGRAM_NAME, MAIN_SUB_PROGRAM__MAIN_PROGRAM_RID) VALUES(2,'1.2','No2','Beneficiary Compensation/ Allowances',1);
INSERT INTO MAIN_SUB_PROGRAM(MAIN_SUB_PROGRAM_RID, MAIN_SUB_PROGRAM_NEW_CODE, MAIN_SUB_PROGRAM_OLD_CODE,  MAIN_SUB_PROGRAM_NAME, MAIN_SUB_PROGRAM__MAIN_PROGRAM_RID) VALUES(3,'1.3','No3','Operating Expenses',1);
INSERT INTO MAIN_SUB_PROGRAM(MAIN_SUB_PROGRAM_RID, MAIN_SUB_PROGRAM_NEW_CODE, MAIN_SUB_PROGRAM_OLD_CODE,  MAIN_SUB_PROGRAM_NAME, MAIN_SUB_PROGRAM__MAIN_PROGRAM_RID) VALUES(4,'2.1','No4','Mobile Units',2);
INSERT INTO MAIN_SUB_PROGRAM(MAIN_SUB_PROGRAM_RID, MAIN_SUB_PROGRAM_NEW_CODE, MAIN_SUB_PROGRAM_OLD_CODE,  MAIN_SUB_PROGRAM_NAME, MAIN_SUB_PROGRAM__MAIN_PROGRAM_RID) VALUES(5,'2.2','No5','Recurring/ Operational cost',2);
INSERT INTO MAIN_SUB_PROGRAM(MAIN_SUB_PROGRAM_RID, MAIN_SUB_PROGRAM_NEW_CODE, MAIN_SUB_PROGRAM_OLD_CODE,  MAIN_SUB_PROGRAM_NAME, MAIN_SUB_PROGRAM__MAIN_PROGRAM_RID) VALUES(6,'2.3','No6','Outreach activities ',2);
INSERT INTO MAIN_SUB_PROGRAM(MAIN_SUB_PROGRAM_RID, MAIN_SUB_PROGRAM_NEW_CODE, MAIN_SUB_PROGRAM_OLD_CODE,  MAIN_SUB_PROGRAM_NAME, MAIN_SUB_PROGRAM__MAIN_PROGRAM_RID) VALUES(7,'3.1','No7','ASHA Activities',3);
INSERT INTO MAIN_SUB_PROGRAM(MAIN_SUB_PROGRAM_RID, MAIN_SUB_PROGRAM_NEW_CODE, MAIN_SUB_PROGRAM_OLD_CODE,  MAIN_SUB_PROGRAM_NAME, MAIN_SUB_PROGRAM__MAIN_PROGRAM_RID) VALUES(8,'3.2','No8','Other Community Interventions',3);
INSERT INTO MAIN_SUB_PROGRAM(MAIN_SUB_PROGRAM_RID, MAIN_SUB_PROGRAM_NEW_CODE, MAIN_SUB_PROGRAM_OLD_CODE,  MAIN_SUB_PROGRAM_NAME, MAIN_SUB_PROGRAM__MAIN_PROGRAM_RID) VALUES(9,'3.3','B8','Panchayati Raj Institutions (PRIs)',3);
INSERT INTO MAIN_SUB_PROGRAM(MAIN_SUB_PROGRAM_RID, MAIN_SUB_PROGRAM_NEW_CODE, MAIN_SUB_PROGRAM_OLD_CODE,  MAIN_SUB_PROGRAM_NAME, MAIN_SUB_PROGRAM__MAIN_PROGRAM_RID) VALUES(10,'4.1','B2','Untied Funds/Annual Maintenance Grants /Corpus Grants to HMS/RKS',4);
INSERT INTO MAIN_SUB_PROGRAM(MAIN_SUB_PROGRAM_RID, MAIN_SUB_PROGRAM_NEW_CODE, MAIN_SUB_PROGRAM_OLD_CODE,  MAIN_SUB_PROGRAM_NAME, MAIN_SUB_PROGRAM__MAIN_PROGRAM_RID) VALUES(11,'5.1','No9','Upgradation of existing facilities',5);
INSERT INTO MAIN_SUB_PROGRAM(MAIN_SUB_PROGRAM_RID, MAIN_SUB_PROGRAM_NEW_CODE, MAIN_SUB_PROGRAM_OLD_CODE,  MAIN_SUB_PROGRAM_NAME, MAIN_SUB_PROGRAM__MAIN_PROGRAM_RID) VALUES(12,'5.2','No10','New Constructions ',5);
INSERT INTO MAIN_SUB_PROGRAM(MAIN_SUB_PROGRAM_RID, MAIN_SUB_PROGRAM_NEW_CODE, MAIN_SUB_PROGRAM_OLD_CODE,  MAIN_SUB_PROGRAM_NAME, MAIN_SUB_PROGRAM__MAIN_PROGRAM_RID) VALUES(13,'5.3','No11','Other construction/ Civil works',5);

--13 MAIN_ACTIVITY
INSERT INTO MAIN_ACTIVITY(MAIN_ACTIVITY_RID, MAIN_ACTIVITY_NEW_CODE, MAIN_ACTIVITY_OLD_CODE,  MAIN_ACTIVITY_NAME, MAIN_ACTIVITY__MAIN_SUB_PROGRAM_RID) VALUES(1,'1.1.1','No1','Strengthening MH Services',1);
INSERT INTO MAIN_ACTIVITY(MAIN_ACTIVITY_RID, MAIN_ACTIVITY_NEW_CODE, MAIN_ACTIVITY_OLD_CODE,  MAIN_ACTIVITY_NAME, MAIN_ACTIVITY__MAIN_SUB_PROGRAM_RID) VALUES(2,'1.1.2','No2','Strengthening CH Services',1);
INSERT INTO MAIN_ACTIVITY(MAIN_ACTIVITY_RID, MAIN_ACTIVITY_NEW_CODE, MAIN_ACTIVITY_OLD_CODE,  MAIN_ACTIVITY_NAME, MAIN_ACTIVITY__MAIN_SUB_PROGRAM_RID) VALUES(3,'1.1.3','No3','Strengthening FP Services',1);
INSERT INTO MAIN_ACTIVITY(MAIN_ACTIVITY_RID, MAIN_ACTIVITY_NEW_CODE, MAIN_ACTIVITY_OLD_CODE,  MAIN_ACTIVITY_NAME, MAIN_ACTIVITY__MAIN_SUB_PROGRAM_RID) VALUES(4,'1.1.4','No4','Strengthening AH Services',1);
INSERT INTO MAIN_ACTIVITY(MAIN_ACTIVITY_RID, MAIN_ACTIVITY_NEW_CODE, MAIN_ACTIVITY_OLD_CODE,  MAIN_ACTIVITY_NAME, MAIN_ACTIVITY__MAIN_SUB_PROGRAM_RID) VALUES(5,'1.1.5','No5','Strengthening DCP Services',1);
INSERT INTO MAIN_ACTIVITY(MAIN_ACTIVITY_RID, MAIN_ACTIVITY_NEW_CODE, MAIN_ACTIVITY_OLD_CODE,  MAIN_ACTIVITY_NAME, MAIN_ACTIVITY__MAIN_SUB_PROGRAM_RID) VALUES(6,'1.1.6','No6','Strengthening NCD Services',1);
INSERT INTO MAIN_ACTIVITY(MAIN_ACTIVITY_RID, MAIN_ACTIVITY_NEW_CODE, MAIN_ACTIVITY_OLD_CODE,  MAIN_ACTIVITY_NAME, MAIN_ACTIVITY__MAIN_SUB_PROGRAM_RID) VALUES(7,'1.1.7','No7','Strengthening Other Services',1);
INSERT INTO MAIN_ACTIVITY(MAIN_ACTIVITY_RID, MAIN_ACTIVITY_NEW_CODE, MAIN_ACTIVITY_OLD_CODE,  MAIN_ACTIVITY_NAME, MAIN_ACTIVITY__MAIN_SUB_PROGRAM_RID) VALUES(8,'1.2.1','No8','Beneficiary Compensation under Janani Suraksha Yojana (JSY)',2);
INSERT INTO MAIN_ACTIVITY(MAIN_ACTIVITY_RID, MAIN_ACTIVITY_NEW_CODE, MAIN_ACTIVITY_OLD_CODE,  MAIN_ACTIVITY_NAME, MAIN_ACTIVITY__MAIN_SUB_PROGRAM_RID) VALUES(9,'1.2.2','No9','Beneficiary Compensation under FP Services',2);
INSERT INTO MAIN_ACTIVITY(MAIN_ACTIVITY_RID, MAIN_ACTIVITY_NEW_CODE, MAIN_ACTIVITY_OLD_CODE,  MAIN_ACTIVITY_NAME, MAIN_ACTIVITY__MAIN_SUB_PROGRAM_RID) VALUES(10,'1.2.3','No10','Others (including PMSMA, any other)',2);
INSERT INTO MAIN_ACTIVITY(MAIN_ACTIVITY_RID, MAIN_ACTIVITY_NEW_CODE, MAIN_ACTIVITY_OLD_CODE,  MAIN_ACTIVITY_NAME, MAIN_ACTIVITY__MAIN_SUB_PROGRAM_RID) VALUES(11,'1.3.1','No11','Operating expenses for Facilities (e.g. operating cost rent, electricity, stationary, internet, office expense etc.)',3);
INSERT INTO MAIN_ACTIVITY(MAIN_ACTIVITY_RID, MAIN_ACTIVITY_NEW_CODE, MAIN_ACTIVITY_OLD_CODE,  MAIN_ACTIVITY_NAME, MAIN_ACTIVITY__MAIN_SUB_PROGRAM_RID) VALUES(12,'1.3.2','No12','Other operating expenses',3);
INSERT INTO MAIN_ACTIVITY(MAIN_ACTIVITY_RID, MAIN_ACTIVITY_NEW_CODE, MAIN_ACTIVITY_OLD_CODE,  MAIN_ACTIVITY_NAME, MAIN_ACTIVITY__MAIN_SUB_PROGRAM_RID) VALUES(13,'2.1.1','B11','National Mobile Medical Units (MMU)',4);
INSERT INTO MAIN_ACTIVITY(MAIN_ACTIVITY_RID, MAIN_ACTIVITY_NEW_CODE, MAIN_ACTIVITY_OLD_CODE,  MAIN_ACTIVITY_NAME, MAIN_ACTIVITY__MAIN_SUB_PROGRAM_RID) VALUES(14,'2.1.2','B11.2','National Mobile Medical Vans (smaller vehicles) and specialised Mobile Medical Units',4);
INSERT INTO MAIN_ACTIVITY(MAIN_ACTIVITY_RID, MAIN_ACTIVITY_NEW_CODE, MAIN_ACTIVITY_OLD_CODE,  MAIN_ACTIVITY_NAME, MAIN_ACTIVITY__MAIN_SUB_PROGRAM_RID) VALUES(15,'2.1.3','No13','Other Mobile Units',4);
INSERT INTO MAIN_ACTIVITY(MAIN_ACTIVITY_RID, MAIN_ACTIVITY_NEW_CODE, MAIN_ACTIVITY_OLD_CODE,  MAIN_ACTIVITY_NAME, MAIN_ACTIVITY__MAIN_SUB_PROGRAM_RID) VALUES(16,'2.2','Dummy','Recurring/ Operational cost',5);
INSERT INTO MAIN_ACTIVITY(MAIN_ACTIVITY_RID, MAIN_ACTIVITY_NEW_CODE, MAIN_ACTIVITY_OLD_CODE,  MAIN_ACTIVITY_NAME, MAIN_ACTIVITY__MAIN_SUB_PROGRAM_RID) VALUES(17,'2.3.1','No14','Outreach activities for RMNCH+A services',6);
INSERT INTO MAIN_ACTIVITY(MAIN_ACTIVITY_RID, MAIN_ACTIVITY_NEW_CODE, MAIN_ACTIVITY_OLD_CODE,  MAIN_ACTIVITY_NAME, MAIN_ACTIVITY__MAIN_SUB_PROGRAM_RID) VALUES(18,'2.3.2','No15','Outreach activities for controlling DCPs & NCDs',6);
INSERT INTO MAIN_ACTIVITY(MAIN_ACTIVITY_RID, MAIN_ACTIVITY_NEW_CODE, MAIN_ACTIVITY_OLD_CODE,  MAIN_ACTIVITY_NAME, MAIN_ACTIVITY__MAIN_SUB_PROGRAM_RID) VALUES(19,'2.3.3','No16','Outreach activities at School level',6);
INSERT INTO MAIN_ACTIVITY(MAIN_ACTIVITY_RID, MAIN_ACTIVITY_NEW_CODE, MAIN_ACTIVITY_OLD_CODE,  MAIN_ACTIVITY_NAME, MAIN_ACTIVITY__MAIN_SUB_PROGRAM_RID) VALUES(20,'3.1.1','No17','Performance Incentive/Other Incentive to ASHAs',7);
INSERT INTO MAIN_ACTIVITY(MAIN_ACTIVITY_RID, MAIN_ACTIVITY_NEW_CODE, MAIN_ACTIVITY_OLD_CODE,  MAIN_ACTIVITY_NAME, MAIN_ACTIVITY__MAIN_SUB_PROGRAM_RID) VALUES(21,'3.1.2','B1.1.1','Selection & Training of ASHA',7);
INSERT INTO MAIN_ACTIVITY(MAIN_ACTIVITY_RID, MAIN_ACTIVITY_NEW_CODE, MAIN_ACTIVITY_OLD_CODE,  MAIN_ACTIVITY_NAME, MAIN_ACTIVITY__MAIN_SUB_PROGRAM_RID) VALUES(22,'3.1.3','No18','Miscellaneous ASHA Costs',7);
INSERT INTO MAIN_ACTIVITY(MAIN_ACTIVITY_RID, MAIN_ACTIVITY_NEW_CODE, MAIN_ACTIVITY_OLD_CODE,  MAIN_ACTIVITY_NAME, MAIN_ACTIVITY__MAIN_SUB_PROGRAM_RID) VALUES(23,'3.2','Dummy19','Other Community Interventions',8);
INSERT INTO MAIN_ACTIVITY(MAIN_ACTIVITY_RID, MAIN_ACTIVITY_NEW_CODE, MAIN_ACTIVITY_OLD_CODE,  MAIN_ACTIVITY_NAME, MAIN_ACTIVITY__MAIN_SUB_PROGRAM_RID) VALUES(24,'3.2.4','B15.1','Community Action for Health (Visioning workshops at state, dist., block level, Training of VHSNC, Training of RKS)',8);
INSERT INTO MAIN_ACTIVITY(MAIN_ACTIVITY_RID, MAIN_ACTIVITY_NEW_CODE, MAIN_ACTIVITY_OLD_CODE,  MAIN_ACTIVITY_NAME, MAIN_ACTIVITY__MAIN_SUB_PROGRAM_RID) VALUES(25,'3.2.5','No20','Preventive Strategies',8);
INSERT INTO MAIN_ACTIVITY(MAIN_ACTIVITY_RID, MAIN_ACTIVITY_NEW_CODE, MAIN_ACTIVITY_OLD_CODE,  MAIN_ACTIVITY_NAME, MAIN_ACTIVITY__MAIN_SUB_PROGRAM_RID) VALUES(26,'3.3','Dummy21','Panchayati Raj Institutions (PRIs)',9);
INSERT INTO MAIN_ACTIVITY(MAIN_ACTIVITY_RID, MAIN_ACTIVITY_NEW_CODE, MAIN_ACTIVITY_OLD_CODE,  MAIN_ACTIVITY_NAME, MAIN_ACTIVITY__MAIN_SUB_PROGRAM_RID) VALUES(27,'3.3.3','No22','PRI Sensitization/Trainings',9);
INSERT INTO MAIN_ACTIVITY(MAIN_ACTIVITY_RID, MAIN_ACTIVITY_NEW_CODE, MAIN_ACTIVITY_OLD_CODE,  MAIN_ACTIVITY_NAME, MAIN_ACTIVITY__MAIN_SUB_PROGRAM_RID) VALUES(28,'4.1','Dummy20','Dummy',10);
INSERT INTO MAIN_ACTIVITY(MAIN_ACTIVITY_RID, MAIN_ACTIVITY_NEW_CODE, MAIN_ACTIVITY_OLD_CODE,  MAIN_ACTIVITY_NAME, MAIN_ACTIVITY__MAIN_SUB_PROGRAM_RID) VALUES(29,'5.1.1','B.4.1','Upgradation of CHCs, PHCs, Dist. Hospitals and other Institutions ',11);
INSERT INTO MAIN_ACTIVITY(MAIN_ACTIVITY_RID, MAIN_ACTIVITY_NEW_CODE, MAIN_ACTIVITY_OLD_CODE,  MAIN_ACTIVITY_NAME, MAIN_ACTIVITY__MAIN_SUB_PROGRAM_RID) VALUES(30,'5.1.2','B.4.3','Dummy - Sub Centre Rent and Contingencies',11);
INSERT INTO MAIN_ACTIVITY(MAIN_ACTIVITY_RID, MAIN_ACTIVITY_NEW_CODE, MAIN_ACTIVITY_OLD_CODE,  MAIN_ACTIVITY_NAME, MAIN_ACTIVITY__MAIN_SUB_PROGRAM_RID) VALUES(31,'5.2.1','B5.1/ B5.2/ B5.3/ B5.5','New construction (to be initiated this year)',12);
INSERT INTO MAIN_ACTIVITY(MAIN_ACTIVITY_RID, MAIN_ACTIVITY_NEW_CODE, MAIN_ACTIVITY_OLD_CODE,  MAIN_ACTIVITY_NAME, MAIN_ACTIVITY__MAIN_SUB_PROGRAM_RID) VALUES(32,'5.2.2','B5.1/ B5.2/ B5.3/ B5.6','Carry forward of new construction initiated last year, or the year before',12);
INSERT INTO MAIN_ACTIVITY(MAIN_ACTIVITY_RID, MAIN_ACTIVITY_NEW_CODE, MAIN_ACTIVITY_OLD_CODE,  MAIN_ACTIVITY_NAME, MAIN_ACTIVITY__MAIN_SUB_PROGRAM_RID) VALUES(33,'5.3','Dummy','Dummy - Other construction/ Civil works',13);

--14 Main Sub Activity
INSERT INTO MAIN_SUB_ACTIVITY(MAIN_SUB_ACTIVITY_RID, MAIN_SUB_ACTIVITY_NEW_CODE, MAIN_SUB_ACTIVITY_OLD_CODE,  MAIN_SUB_ACTIVITY_NAME, MAIN_SUB_ACTIVITY__MAIN_ACTIVITY_RID) VALUES(1,'1.1.1.1','A.1.5.4','PMSMA activities at State/ District level',1);
INSERT INTO MAIN_SUB_ACTIVITY(MAIN_SUB_ACTIVITY_RID, MAIN_SUB_ACTIVITY_NEW_CODE, MAIN_SUB_ACTIVITY_OLD_CODE,  MAIN_SUB_ACTIVITY_NAME, MAIN_SUB_ACTIVITY__MAIN_ACTIVITY_RID) VALUES(2,'1.1.1.2','A.1.6.3','Diet services for JSSK Beneficaries (3 days for Normal Delivery and 7 days for Caesarean)',1);
INSERT INTO MAIN_SUB_ACTIVITY(MAIN_SUB_ACTIVITY_RID, MAIN_SUB_ACTIVITY_NEW_CODE, MAIN_SUB_ACTIVITY_OLD_CODE,  MAIN_SUB_ACTIVITY_NAME, MAIN_SUB_ACTIVITY__MAIN_ACTIVITY_RID) VALUES(3,'1.1.1.3','A.1.6.2','Blood Transfusion for JSSK Beneficiaries',1);
INSERT INTO MAIN_SUB_ACTIVITY(MAIN_SUB_ACTIVITY_RID, MAIN_SUB_ACTIVITY_NEW_CODE, MAIN_SUB_ACTIVITY_OLD_CODE,  MAIN_SUB_ACTIVITY_NAME, MAIN_SUB_ACTIVITY__MAIN_ACTIVITY_RID) VALUES(4,'1.1.1.4','A.1.6.5.1','Antenatal Screening of all pregnant women coming to the facilities in their first trimester for Sickle cell trait, β Thalassemia, Haemoglobin variants esp. Haemoglobin E and Anemia  -Refer Hemoglobinopathies guidelines',1);
INSERT INTO MAIN_SUB_ACTIVITY(MAIN_SUB_ACTIVITY_RID, MAIN_SUB_ACTIVITY_NEW_CODE, MAIN_SUB_ACTIVITY_OLD_CODE,  MAIN_SUB_ACTIVITY_NAME, MAIN_SUB_ACTIVITY__MAIN_ACTIVITY_RID) VALUES(5,'1.1.1.5','new','LaQshya Related Activities',1);
INSERT INTO MAIN_SUB_ACTIVITY(MAIN_SUB_ACTIVITY_RID, MAIN_SUB_ACTIVITY_NEW_CODE, MAIN_SUB_ACTIVITY_OLD_CODE,  MAIN_SUB_ACTIVITY_NAME, MAIN_SUB_ACTIVITY__MAIN_ACTIVITY_RID) VALUES(6,'1.1.1.6','No','Any other (please specify)',1);
INSERT INTO MAIN_SUB_ACTIVITY(MAIN_SUB_ACTIVITY_RID, MAIN_SUB_ACTIVITY_NEW_CODE, MAIN_SUB_ACTIVITY_OLD_CODE,  MAIN_SUB_ACTIVITY_NAME, MAIN_SUB_ACTIVITY__MAIN_ACTIVITY_RID) VALUES(7,'1.1.2.1','A.5.1.5','New born screening-  Inborn error of metabolism (please give details per unit cost of screening, number of children to be screened and the delivery points Add details)',2);
INSERT INTO MAIN_SUB_ACTIVITY(MAIN_SUB_ACTIVITY_RID, MAIN_SUB_ACTIVITY_NEW_CODE, MAIN_SUB_ACTIVITY_OLD_CODE,  MAIN_SUB_ACTIVITY_NAME, MAIN_SUB_ACTIVITY__MAIN_ACTIVITY_RID) VALUES(8,'1.1.2.2','A.5.1.6','New born screening as per  RBSK Comprehensive Newborn Screening: Handbook for screening visible birth defects at all delivery points (please give details per unit cost , number of deliveries to be screened and the delivery points Add details)',2);
INSERT INTO MAIN_SUB_ACTIVITY(MAIN_SUB_ACTIVITY_RID, MAIN_SUB_ACTIVITY_NEW_CODE, MAIN_SUB_ACTIVITY_OLD_CODE,  MAIN_SUB_ACTIVITY_NAME, MAIN_SUB_ACTIVITY__MAIN_ACTIVITY_RID) VALUES(9,'1.1.2.3','A.5.2','Referral Support for Secondary/ Tertiary care (pl give unit cost and unit of measure as per RBSK guidelines) - RBSK',2);
INSERT INTO MAIN_SUB_ACTIVITY(MAIN_SUB_ACTIVITY_RID, MAIN_SUB_ACTIVITY_NEW_CODE, MAIN_SUB_ACTIVITY_OLD_CODE,  MAIN_SUB_ACTIVITY_NAME, MAIN_SUB_ACTIVITY__MAIN_ACTIVITY_RID) VALUES(10,'1.1.2.4','No','Any other (please specify)',2);
INSERT INTO MAIN_SUB_ACTIVITY(MAIN_SUB_ACTIVITY_RID, MAIN_SUB_ACTIVITY_NEW_CODE, MAIN_SUB_ACTIVITY_OLD_CODE,  MAIN_SUB_ACTIVITY_NAME, MAIN_SUB_ACTIVITY__MAIN_ACTIVITY_RID) VALUES(11,'1.1.3.1','A.3.1','Terminal/Limiting Methods',3);
INSERT INTO MAIN_SUB_ACTIVITY(MAIN_SUB_ACTIVITY_RID, MAIN_SUB_ACTIVITY_NEW_CODE, MAIN_SUB_ACTIVITY_OLD_CODE,  MAIN_SUB_ACTIVITY_NAME, MAIN_SUB_ACTIVITY__MAIN_ACTIVITY_RID) VALUES(12,'1.1.3.1.1','A.3.1.1','Female sterilization fixed day services',3);
INSERT INTO MAIN_SUB_ACTIVITY(MAIN_SUB_ACTIVITY_RID, MAIN_SUB_ACTIVITY_NEW_CODE, MAIN_SUB_ACTIVITY_OLD_CODE,  MAIN_SUB_ACTIVITY_NAME, MAIN_SUB_ACTIVITY__MAIN_ACTIVITY_RID) VALUES(13,'1.1.3.1.2','A.3.1.2','Male Sterilization fixed day services',3);
INSERT INTO MAIN_SUB_ACTIVITY(MAIN_SUB_ACTIVITY_RID, MAIN_SUB_ACTIVITY_NEW_CODE, MAIN_SUB_ACTIVITY_OLD_CODE,  MAIN_SUB_ACTIVITY_NAME, MAIN_SUB_ACTIVITY__MAIN_ACTIVITY_RID) VALUES(14,'1.1.3.2','A.3.2','Spacing Methods',3);
INSERT INTO MAIN_SUB_ACTIVITY(MAIN_SUB_ACTIVITY_RID, MAIN_SUB_ACTIVITY_NEW_CODE, MAIN_SUB_ACTIVITY_OLD_CODE,  MAIN_SUB_ACTIVITY_NAME, MAIN_SUB_ACTIVITY__MAIN_ACTIVITY_RID) VALUES(15,'1.1.3.2.1','A.3.2.1','IUCD fixed day services',3);
INSERT INTO MAIN_SUB_ACTIVITY(MAIN_SUB_ACTIVITY_RID, MAIN_SUB_ACTIVITY_NEW_CODE, MAIN_SUB_ACTIVITY_OLD_CODE,  MAIN_SUB_ACTIVITY_NAME, MAIN_SUB_ACTIVITY__MAIN_ACTIVITY_RID) VALUES(16,'1.1.3.2.1','A.3.7.5','Other activities (demand generation, strengthening service delivery etc.)',3);
INSERT INTO MAIN_SUB_ACTIVITY(MAIN_SUB_ACTIVITY_RID, MAIN_SUB_ACTIVITY_NEW_CODE, MAIN_SUB_ACTIVITY_OLD_CODE,  MAIN_SUB_ACTIVITY_NAME, MAIN_SUB_ACTIVITY__MAIN_ACTIVITY_RID) VALUES(17,'1.1.3.3','A.3.5.5.2','Any other (please specify)',3);
INSERT INTO MAIN_SUB_ACTIVITY(MAIN_SUB_ACTIVITY_RID, MAIN_SUB_ACTIVITY_NEW_CODE, MAIN_SUB_ACTIVITY_OLD_CODE,  MAIN_SUB_ACTIVITY_NAME, MAIN_SUB_ACTIVITY__MAIN_ACTIVITY_RID) VALUES(18,'1.1.4.1','A.4.1.3','Establishment of new clinics at Medical college/ DH/CHC/PHC level',4);
INSERT INTO MAIN_SUB_ACTIVITY(MAIN_SUB_ACTIVITY_RID, MAIN_SUB_ACTIVITY_NEW_CODE, MAIN_SUB_ACTIVITY_OLD_CODE,  MAIN_SUB_ACTIVITY_NAME, MAIN_SUB_ACTIVITY__MAIN_ACTIVITY_RID) VALUES(19,'1.1.4.2','No','Any other (please specify)',4);
INSERT INTO MAIN_SUB_ACTIVITY(MAIN_SUB_ACTIVITY_RID, MAIN_SUB_ACTIVITY_NEW_CODE, MAIN_SUB_ACTIVITY_OLD_CODE,  MAIN_SUB_ACTIVITY_NAME, MAIN_SUB_ACTIVITY__MAIN_ACTIVITY_RID) VALUES(20,'1.1.5.1','F.1.2.e','Dengue & Chikungunya: Case management',5);
INSERT INTO MAIN_SUB_ACTIVITY(MAIN_SUB_ACTIVITY_RID, MAIN_SUB_ACTIVITY_NEW_CODE, MAIN_SUB_ACTIVITY_OLD_CODE,  MAIN_SUB_ACTIVITY_NAME, MAIN_SUB_ACTIVITY__MAIN_ACTIVITY_RID) VALUES(21,'1.1.5.2','F.1.3.i','Acute Encephalitis Syndrome (AES)/ Japanese Encephalitis (JE): Rehabilitation Setup for selected endemic districts',5);
INSERT INTO MAIN_SUB_ACTIVITY(MAIN_SUB_ACTIVITY_RID, MAIN_SUB_ACTIVITY_NEW_CODE, MAIN_SUB_ACTIVITY_OLD_CODE,  MAIN_SUB_ACTIVITY_NAME, MAIN_SUB_ACTIVITY__MAIN_ACTIVITY_RID) VALUES(22,'1.1.5.3','F.1.4.a','Lymphatic Filariasis: Morbidity Management',5);
INSERT INTO MAIN_SUB_ACTIVITY(MAIN_SUB_ACTIVITY_RID, MAIN_SUB_ACTIVITY_NEW_CODE, MAIN_SUB_ACTIVITY_OLD_CODE,  MAIN_SUB_ACTIVITY_NAME, MAIN_SUB_ACTIVITY__MAIN_ACTIVITY_RID) VALUES(23,'1.1.5.4','G.1.1','Case detection & Management: Specific -plan for High Endemic Districts',5);
INSERT INTO MAIN_SUB_ACTIVITY(MAIN_SUB_ACTIVITY_RID, MAIN_SUB_ACTIVITY_NEW_CODE, MAIN_SUB_ACTIVITY_OLD_CODE,  MAIN_SUB_ACTIVITY_NAME, MAIN_SUB_ACTIVITY__MAIN_ACTIVITY_RID) VALUES(24,'1.1.5.5','G.1.2 ','Case detection & Management: Services in Urban Areas',5);
INSERT INTO MAIN_SUB_ACTIVITY(MAIN_SUB_ACTIVITY_RID, MAIN_SUB_ACTIVITY_NEW_CODE, MAIN_SUB_ACTIVITY_OLD_CODE,  MAIN_SUB_ACTIVITY_NAME, MAIN_SUB_ACTIVITY__MAIN_ACTIVITY_RID) VALUES(25,'1.1.5.6','G.2.4','Support to govt. institutions for RCS',5);
INSERT INTO MAIN_SUB_ACTIVITY(MAIN_SUB_ACTIVITY_RID, MAIN_SUB_ACTIVITY_NEW_CODE, MAIN_SUB_ACTIVITY_OLD_CODE,  MAIN_SUB_ACTIVITY_NAME, MAIN_SUB_ACTIVITY__MAIN_ACTIVITY_RID) VALUES(26,'1.1.6.4','B.29.2.3','Recurring Grant-in-aid (For ongoing selected district): Medical Management including Treatment, surgery and rehab',6);
INSERT INTO MAIN_SUB_ACTIVITY(MAIN_SUB_ACTIVITY_RID, MAIN_SUB_ACTIVITY_NEW_CODE, MAIN_SUB_ACTIVITY_OLD_CODE,  MAIN_SUB_ACTIVITY_NAME, MAIN_SUB_ACTIVITY__MAIN_ACTIVITY_RID) VALUES(27,'1.1.6.6','B16.1.5.1','Any other (please specify)',6);
INSERT INTO MAIN_SUB_ACTIVITY(MAIN_SUB_ACTIVITY_RID, MAIN_SUB_ACTIVITY_NEW_CODE, MAIN_SUB_ACTIVITY_OLD_CODE,  MAIN_SUB_ACTIVITY_NAME, MAIN_SUB_ACTIVITY__MAIN_ACTIVITY_RID) VALUES(28,'1.1.7.1','A.6.1','Special plans for tribal areas',7);
INSERT INTO MAIN_SUB_ACTIVITY(MAIN_SUB_ACTIVITY_RID, MAIN_SUB_ACTIVITY_NEW_CODE, MAIN_SUB_ACTIVITY_OLD_CODE,  MAIN_SUB_ACTIVITY_NAME, MAIN_SUB_ACTIVITY__MAIN_ACTIVITY_RID) VALUES(29,'1.1.7.2','A.11.3','LWE affected areas special plan',7);
INSERT INTO MAIN_SUB_ACTIVITY(MAIN_SUB_ACTIVITY_RID, MAIN_SUB_ACTIVITY_NEW_CODE, MAIN_SUB_ACTIVITY_OLD_CODE,  MAIN_SUB_ACTIVITY_NAME, MAIN_SUB_ACTIVITY__MAIN_ACTIVITY_RID) VALUES(30,'1.1.7.3','B14.3','Transfusion support to patients with blood disorders  and for prevention programs',7);
INSERT INTO MAIN_SUB_ACTIVITY(MAIN_SUB_ACTIVITY_RID, MAIN_SUB_ACTIVITY_NEW_CODE, MAIN_SUB_ACTIVITY_OLD_CODE,  MAIN_SUB_ACTIVITY_NAME, MAIN_SUB_ACTIVITY__MAIN_ACTIVITY_RID) VALUES(31,'1.1.7.5','B18.3','Strengthening of Subcenters as first post of call to provide comprehensive primary healthcare: strengthening of in-house services/ through hub and spoke model (PPP model to be budgeted under FMR 15.9)',7);
INSERT INTO MAIN_SUB_ACTIVITY(MAIN_SUB_ACTIVITY_RID, MAIN_SUB_ACTIVITY_NEW_CODE, MAIN_SUB_ACTIVITY_OLD_CODE,  MAIN_SUB_ACTIVITY_NAME, MAIN_SUB_ACTIVITY__MAIN_ACTIVITY_RID) VALUES(32,'1.2.1.1','A.1.3.1','Home deliveries',8);
INSERT INTO MAIN_SUB_ACTIVITY(MAIN_SUB_ACTIVITY_RID, MAIN_SUB_ACTIVITY_NEW_CODE, MAIN_SUB_ACTIVITY_OLD_CODE,  MAIN_SUB_ACTIVITY_NAME, MAIN_SUB_ACTIVITY__MAIN_ACTIVITY_RID) VALUES(33,'1.2.1.2','A.1.3.2','Institutional deliveries ',8);
INSERT INTO MAIN_SUB_ACTIVITY(MAIN_SUB_ACTIVITY_RID, MAIN_SUB_ACTIVITY_NEW_CODE, MAIN_SUB_ACTIVITY_OLD_CODE,  MAIN_SUB_ACTIVITY_NAME, MAIN_SUB_ACTIVITY__MAIN_ACTIVITY_RID) VALUES(34,'1.2.1.2.a','A.1.3.2.a','Rural',8);
INSERT INTO MAIN_SUB_ACTIVITY(MAIN_SUB_ACTIVITY_RID, MAIN_SUB_ACTIVITY_NEW_CODE, MAIN_SUB_ACTIVITY_OLD_CODE,  MAIN_SUB_ACTIVITY_NAME, MAIN_SUB_ACTIVITY__MAIN_ACTIVITY_RID) VALUES(35,'1.2.1.2.b','A.1.3.2.b','Urban',8);
INSERT INTO MAIN_SUB_ACTIVITY(MAIN_SUB_ACTIVITY_RID, MAIN_SUB_ACTIVITY_NEW_CODE, MAIN_SUB_ACTIVITY_OLD_CODE,  MAIN_SUB_ACTIVITY_NAME, MAIN_SUB_ACTIVITY__MAIN_ACTIVITY_RID) VALUES(36,'1.2.1.2.c','A.1.3.2.c','C-sections',8);
INSERT INTO MAIN_SUB_ACTIVITY(MAIN_SUB_ACTIVITY_RID, MAIN_SUB_ACTIVITY_NEW_CODE, MAIN_SUB_ACTIVITY_OLD_CODE,  MAIN_SUB_ACTIVITY_NAME, MAIN_SUB_ACTIVITY__MAIN_ACTIVITY_RID) VALUES(37,'1.2.2.1','A.3.1','Terminal/Limiting Methods',9);
INSERT INTO MAIN_SUB_ACTIVITY(MAIN_SUB_ACTIVITY_RID, MAIN_SUB_ACTIVITY_NEW_CODE, MAIN_SUB_ACTIVITY_OLD_CODE,  MAIN_SUB_ACTIVITY_NAME, MAIN_SUB_ACTIVITY__MAIN_ACTIVITY_RID) VALUES(38,'1.2.2.1.a','A.3.1.3','"Compensation for female sterilization"',9);
INSERT INTO MAIN_SUB_ACTIVITY(MAIN_SUB_ACTIVITY_RID, MAIN_SUB_ACTIVITY_NEW_CODE, MAIN_SUB_ACTIVITY_OLD_CODE,  MAIN_SUB_ACTIVITY_NAME, MAIN_SUB_ACTIVITY__MAIN_ACTIVITY_RID) VALUES(39,'1.2.2.1.b','A.3.1.4','"Compensation for male sterilization"',9);
INSERT INTO MAIN_SUB_ACTIVITY(MAIN_SUB_ACTIVITY_RID, MAIN_SUB_ACTIVITY_NEW_CODE, MAIN_SUB_ACTIVITY_OLD_CODE,  MAIN_SUB_ACTIVITY_NAME, MAIN_SUB_ACTIVITY__MAIN_ACTIVITY_RID) VALUES(40,'1.2.2.2','A.3.2','Spacing Methods',9);
INSERT INTO MAIN_SUB_ACTIVITY(MAIN_SUB_ACTIVITY_RID, MAIN_SUB_ACTIVITY_NEW_CODE, MAIN_SUB_ACTIVITY_OLD_CODE,  MAIN_SUB_ACTIVITY_NAME, MAIN_SUB_ACTIVITY__MAIN_ACTIVITY_RID) VALUES(41,'1.2.2.2.a','A.3.2.2','"Compensation for IUCD insertion at health facilities',9);
INSERT INTO MAIN_SUB_ACTIVITY(MAIN_SUB_ACTIVITY_RID, MAIN_SUB_ACTIVITY_NEW_CODE, MAIN_SUB_ACTIVITY_OLD_CODE,  MAIN_SUB_ACTIVITY_NAME, MAIN_SUB_ACTIVITY__MAIN_ACTIVITY_RID) VALUES(42,'1.2.2.2.b','A.3.2.3','PPIUCD services: Compensation to beneficiary@Rs 300/PPIUCD insertion',9);
INSERT INTO MAIN_SUB_ACTIVITY(MAIN_SUB_ACTIVITY_RID, MAIN_SUB_ACTIVITY_NEW_CODE, MAIN_SUB_ACTIVITY_OLD_CODE,  MAIN_SUB_ACTIVITY_NAME, MAIN_SUB_ACTIVITY__MAIN_ACTIVITY_RID) VALUES(43,'1.2.2.2.c','A.3.2.4','PAIUCD Services: Compensation to beneficiary@Rs 300 per PAIUCD insertion) ',9);
INSERT INTO MAIN_SUB_ACTIVITY(MAIN_SUB_ACTIVITY_RID, MAIN_SUB_ACTIVITY_NEW_CODE, MAIN_SUB_ACTIVITY_OLD_CODE,  MAIN_SUB_ACTIVITY_NAME, MAIN_SUB_ACTIVITY__MAIN_ACTIVITY_RID) VALUES(44,'1.2.2.2.d','A.3.7.3','Injectable contraceptive incentive for beneficiaries',9);
INSERT INTO MAIN_SUB_ACTIVITY(MAIN_SUB_ACTIVITY_RID, MAIN_SUB_ACTIVITY_NEW_CODE, MAIN_SUB_ACTIVITY_OLD_CODE,  MAIN_SUB_ACTIVITY_NAME, MAIN_SUB_ACTIVITY__MAIN_ACTIVITY_RID) VALUES(45,'1.2.2.3','A.3.6','Family Planning Indemnity Scheme',9);
INSERT INTO MAIN_SUB_ACTIVITY(MAIN_SUB_ACTIVITY_RID, MAIN_SUB_ACTIVITY_NEW_CODE, MAIN_SUB_ACTIVITY_OLD_CODE,  MAIN_SUB_ACTIVITY_NAME, MAIN_SUB_ACTIVITY__MAIN_ACTIVITY_RID) VALUES(46,'1.2.3.1','G.2.3','Welfare  allowance to patients for RCS',10);
INSERT INTO MAIN_SUB_ACTIVITY(MAIN_SUB_ACTIVITY_RID, MAIN_SUB_ACTIVITY_NEW_CODE, MAIN_SUB_ACTIVITY_OLD_CODE,  MAIN_SUB_ACTIVITY_NAME, MAIN_SUB_ACTIVITY__MAIN_ACTIVITY_RID) VALUES(47,'1.3.1.1.','A.2.2.1','SNCU',11);
INSERT INTO MAIN_SUB_ACTIVITY(MAIN_SUB_ACTIVITY_RID, MAIN_SUB_ACTIVITY_NEW_CODE, MAIN_SUB_ACTIVITY_OLD_CODE,  MAIN_SUB_ACTIVITY_NAME, MAIN_SUB_ACTIVITY__MAIN_ACTIVITY_RID) VALUES(48,'1.3.1.2','A.2.2.2','NBSU',11);
INSERT INTO MAIN_SUB_ACTIVITY(MAIN_SUB_ACTIVITY_RID, MAIN_SUB_ACTIVITY_NEW_CODE, MAIN_SUB_ACTIVITY_OLD_CODE,  MAIN_SUB_ACTIVITY_NAME, MAIN_SUB_ACTIVITY__MAIN_ACTIVITY_RID) VALUES(49,'1.3.1.3','A.2.2.3','NBCC',11);
INSERT INTO MAIN_SUB_ACTIVITY(MAIN_SUB_ACTIVITY_RID, MAIN_SUB_ACTIVITY_NEW_CODE, MAIN_SUB_ACTIVITY_OLD_CODE,  MAIN_SUB_ACTIVITY_NAME, MAIN_SUB_ACTIVITY__MAIN_ACTIVITY_RID) VALUES(50,'1.3.1.4','A.2.5','NRCs',11);
INSERT INTO MAIN_SUB_ACTIVITY(MAIN_SUB_ACTIVITY_RID, MAIN_SUB_ACTIVITY_NEW_CODE, MAIN_SUB_ACTIVITY_OLD_CODE,  MAIN_SUB_ACTIVITY_NAME, MAIN_SUB_ACTIVITY__MAIN_ACTIVITY_RID) VALUES(51,'1.3.1.5','A.2.10.2','Family participatory care (KMC)',11);
INSERT INTO MAIN_SUB_ACTIVITY(MAIN_SUB_ACTIVITY_RID, MAIN_SUB_ACTIVITY_NEW_CODE, MAIN_SUB_ACTIVITY_OLD_CODE,  MAIN_SUB_ACTIVITY_NAME, MAIN_SUB_ACTIVITY__MAIN_ACTIVITY_RID) VALUES(52,'1.3.1.6','A.4.1.3','AH/ RKSK Clinics',11);
INSERT INTO MAIN_SUB_ACTIVITY(MAIN_SUB_ACTIVITY_RID, MAIN_SUB_ACTIVITY_NEW_CODE, MAIN_SUB_ACTIVITY_OLD_CODE,  MAIN_SUB_ACTIVITY_NAME, MAIN_SUB_ACTIVITY__MAIN_ACTIVITY_RID) VALUES(53,'1.3.1.7','A.5.1.4/ B16.1.6.3.5','DEIC (including Data card internet connection for laptops and rental)',11);
INSERT INTO MAIN_SUB_ACTIVITY(MAIN_SUB_ACTIVITY_RID, MAIN_SUB_ACTIVITY_NEW_CODE, MAIN_SUB_ACTIVITY_OLD_CODE,  MAIN_SUB_ACTIVITY_NAME, MAIN_SUB_ACTIVITY__MAIN_ACTIVITY_RID) VALUES(54,'1.3.1.8','O.2.2.1.3/ O1.1.3.1','District NCD Clinic: Strengthening of lab, Mobility , Miscellaneous & Contingencies',11);
INSERT INTO MAIN_SUB_ACTIVITY(MAIN_SUB_ACTIVITY_RID, MAIN_SUB_ACTIVITY_NEW_CODE, MAIN_SUB_ACTIVITY_OLD_CODE,  MAIN_SUB_ACTIVITY_NAME, MAIN_SUB_ACTIVITY__MAIN_ACTIVITY_RID) VALUES(55,'1.3.1.9','O.2.2.1.4','CHC NCD Clinic: Mobility , Miscellaneous & Contingencies',11);
INSERT INTO MAIN_SUB_ACTIVITY(MAIN_SUB_ACTIVITY_RID, MAIN_SUB_ACTIVITY_NEW_CODE, MAIN_SUB_ACTIVITY_OLD_CODE,  MAIN_SUB_ACTIVITY_NAME, MAIN_SUB_ACTIVITY__MAIN_ACTIVITY_RID) VALUES(56,'1.3.1.10','O.2.2.1.5','PHC level: Mobility , Miscellaneous & Contingencies',11);
INSERT INTO MAIN_SUB_ACTIVITY(MAIN_SUB_ACTIVITY_RID, MAIN_SUB_ACTIVITY_NEW_CODE, MAIN_SUB_ACTIVITY_OLD_CODE,  MAIN_SUB_ACTIVITY_NAME, MAIN_SUB_ACTIVITY__MAIN_ACTIVITY_RID) VALUES(57,'1.3.1.11','O.2.2.1.7','Sub-Centre level: Mobility , Miscellaneous & Contingencies',11);
INSERT INTO MAIN_SUB_ACTIVITY(MAIN_SUB_ACTIVITY_RID, MAIN_SUB_ACTIVITY_NEW_CODE, MAIN_SUB_ACTIVITY_OLD_CODE,  MAIN_SUB_ACTIVITY_NAME, MAIN_SUB_ACTIVITY__MAIN_ACTIVITY_RID) VALUES(58,'1.3.1.12','H.5','Maintenance of office equipment for DTC, DRTB centre and Labs (under RNTCP)',11);
INSERT INTO MAIN_SUB_ACTIVITY(MAIN_SUB_ACTIVITY_RID, MAIN_SUB_ACTIVITY_NEW_CODE, MAIN_SUB_ACTIVITY_OLD_CODE,  MAIN_SUB_ACTIVITY_NAME, MAIN_SUB_ACTIVITY__MAIN_ACTIVITY_RID) VALUES(59,'1.3.1.13','B15.3.2.7','Any other (please specify)',11);
INSERT INTO MAIN_SUB_ACTIVITY(MAIN_SUB_ACTIVITY_RID, MAIN_SUB_ACTIVITY_NEW_CODE, MAIN_SUB_ACTIVITY_OLD_CODE,  MAIN_SUB_ACTIVITY_NAME, MAIN_SUB_ACTIVITY__MAIN_ACTIVITY_RID) VALUES(60,'1.3.2.1','B.23.1','Power Back-up for blood bank/storage (ideally integrated power back up for facility)',12);
INSERT INTO MAIN_SUB_ACTIVITY(MAIN_SUB_ACTIVITY_RID, MAIN_SUB_ACTIVITY_NEW_CODE, MAIN_SUB_ACTIVITY_OLD_CODE,  MAIN_SUB_ACTIVITY_NAME, MAIN_SUB_ACTIVITY__MAIN_ACTIVITY_RID) VALUES(61,'1.3.2.2','B.29.1.3','Recurring Grant-in-aid (For newly selected districts under NPPF):  Laboratory Diagnostic facilities',12);
INSERT INTO MAIN_SUB_ACTIVITY(MAIN_SUB_ACTIVITY_RID, MAIN_SUB_ACTIVITY_NEW_CODE, MAIN_SUB_ACTIVITY_OLD_CODE,  MAIN_SUB_ACTIVITY_NAME, MAIN_SUB_ACTIVITY__MAIN_ACTIVITY_RID) VALUES(62,'1.3.2.3','B.29.2.2','Recurring Grant-in-aid (For ongoing selected districts under NPPF):  Laboratory Diagnostic facilities',12);
INSERT INTO MAIN_SUB_ACTIVITY(MAIN_SUB_ACTIVITY_RID, MAIN_SUB_ACTIVITY_NEW_CODE, MAIN_SUB_ACTIVITY_OLD_CODE,  MAIN_SUB_ACTIVITY_NAME, MAIN_SUB_ACTIVITY__MAIN_ACTIVITY_RID) VALUES(63,'1.3.2.4','C.1.m','Consumables for computer including provision for internet access  for strengthening RI',12);
INSERT INTO MAIN_SUB_ACTIVITY(MAIN_SUB_ACTIVITY_RID, MAIN_SUB_ACTIVITY_NEW_CODE, MAIN_SUB_ACTIVITY_OLD_CODE,  MAIN_SUB_ACTIVITY_NAME, MAIN_SUB_ACTIVITY__MAIN_ACTIVITY_RID) VALUES(64,'1.3.2.5','B.27.1.3','Miscellaneous including Travel/ POL/ Stationary/ Communications/ Drugs etc.',12);
INSERT INTO MAIN_SUB_ACTIVITY(MAIN_SUB_ACTIVITY_RID, MAIN_SUB_ACTIVITY_NEW_CODE, MAIN_SUB_ACTIVITY_OLD_CODE,  MAIN_SUB_ACTIVITY_NAME, MAIN_SUB_ACTIVITY__MAIN_ACTIVITY_RID) VALUES(65,'1.3.2.6','B13.2.1','Any other (please specify)',12);
INSERT INTO MAIN_SUB_ACTIVITY(MAIN_SUB_ACTIVITY_RID, MAIN_SUB_ACTIVITY_NEW_CODE, MAIN_SUB_ACTIVITY_OLD_CODE,  MAIN_SUB_ACTIVITY_NAME, MAIN_SUB_ACTIVITY__MAIN_ACTIVITY_RID) VALUES(66,'2.1.1.1','B11.1.1','Capex',13);
INSERT INTO MAIN_SUB_ACTIVITY(MAIN_SUB_ACTIVITY_RID, MAIN_SUB_ACTIVITY_NEW_CODE, MAIN_SUB_ACTIVITY_OLD_CODE,  MAIN_SUB_ACTIVITY_NAME, MAIN_SUB_ACTIVITY__MAIN_ACTIVITY_RID) VALUES(67,'2.1.1.2','B11.1.2','Opex',13);
INSERT INTO MAIN_SUB_ACTIVITY(MAIN_SUB_ACTIVITY_RID, MAIN_SUB_ACTIVITY_NEW_CODE, MAIN_SUB_ACTIVITY_OLD_CODE,  MAIN_SUB_ACTIVITY_NAME, MAIN_SUB_ACTIVITY__MAIN_ACTIVITY_RID) VALUES(68,'2.1.2.1','B11.2.1','Capex',14);
INSERT INTO MAIN_SUB_ACTIVITY(MAIN_SUB_ACTIVITY_RID, MAIN_SUB_ACTIVITY_NEW_CODE, MAIN_SUB_ACTIVITY_OLD_CODE,  MAIN_SUB_ACTIVITY_NAME, MAIN_SUB_ACTIVITY__MAIN_ACTIVITY_RID) VALUES(69,'2.1.2.2','B11.2.2','Opex',14);
INSERT INTO MAIN_SUB_ACTIVITY(MAIN_SUB_ACTIVITY_RID, MAIN_SUB_ACTIVITY_NEW_CODE, MAIN_SUB_ACTIVITY_OLD_CODE,  MAIN_SUB_ACTIVITY_NAME, MAIN_SUB_ACTIVITY__MAIN_ACTIVITY_RID) VALUES(70,'2.1.3.1','B11.2.4','Blood collection and Transport Vans',15);
INSERT INTO MAIN_SUB_ACTIVITY(MAIN_SUB_ACTIVITY_RID, MAIN_SUB_ACTIVITY_NEW_CODE, MAIN_SUB_ACTIVITY_OLD_CODE,  MAIN_SUB_ACTIVITY_NAME, MAIN_SUB_ACTIVITY__MAIN_ACTIVITY_RID) VALUES(71,'2.1.3.2','I.2.8','Grant in aid for Mobile Ophthalmic Units ',15);
INSERT INTO MAIN_SUB_ACTIVITY(MAIN_SUB_ACTIVITY_RID, MAIN_SUB_ACTIVITY_NEW_CODE, MAIN_SUB_ACTIVITY_OLD_CODE,  MAIN_SUB_ACTIVITY_NAME, MAIN_SUB_ACTIVITY__MAIN_ACTIVITY_RID) VALUES(72,'2.1.3.3','B11.2.6.1/B11.2.6.2','Any other (please specify)',15);
INSERT INTO MAIN_SUB_ACTIVITY(MAIN_SUB_ACTIVITY_RID, MAIN_SUB_ACTIVITY_NEW_CODE, MAIN_SUB_ACTIVITY_OLD_CODE,  MAIN_SUB_ACTIVITY_NAME, MAIN_SUB_ACTIVITY__MAIN_ACTIVITY_RID) VALUES(73,'2.2.1','A.3.3','POL for Family Planning/ Others (including additional mobility support to surgeons team if req)',16);
INSERT INTO MAIN_SUB_ACTIVITY(MAIN_SUB_ACTIVITY_RID, MAIN_SUB_ACTIVITY_NEW_CODE, MAIN_SUB_ACTIVITY_OLD_CODE,  MAIN_SUB_ACTIVITY_NAME, MAIN_SUB_ACTIVITY__MAIN_ACTIVITY_RID) VALUES(74,'2.2.2','A.4.1.4','Mobility & Communication support for AH counsellors',16);
INSERT INTO MAIN_SUB_ACTIVITY(MAIN_SUB_ACTIVITY_RID, MAIN_SUB_ACTIVITY_NEW_CODE, MAIN_SUB_ACTIVITY_OLD_CODE,  MAIN_SUB_ACTIVITY_NAME, MAIN_SUB_ACTIVITY__MAIN_ACTIVITY_RID) VALUES(75,'2.2.3','A.5.1.3','Mobility support  for RBSK Mobile health team',16);
INSERT INTO MAIN_SUB_ACTIVITY(MAIN_SUB_ACTIVITY_RID, MAIN_SUB_ACTIVITY_NEW_CODE, MAIN_SUB_ACTIVITY_OLD_CODE,  MAIN_SUB_ACTIVITY_NAME, MAIN_SUB_ACTIVITY__MAIN_ACTIVITY_RID) VALUES(76,'2.2.4','B16.1.6.3.6','Support for RBSK: CUG connection per team and rental',16);
INSERT INTO MAIN_SUB_ACTIVITY(MAIN_SUB_ACTIVITY_RID, MAIN_SUB_ACTIVITY_NEW_CODE, MAIN_SUB_ACTIVITY_OLD_CODE,  MAIN_SUB_ACTIVITY_NAME, MAIN_SUB_ACTIVITY__MAIN_ACTIVITY_RID) VALUES(77,'2.2.8','C.6','Pulse Polio operating costs',16);
INSERT INTO MAIN_SUB_ACTIVITY(MAIN_SUB_ACTIVITY_RID, MAIN_SUB_ACTIVITY_NEW_CODE, MAIN_SUB_ACTIVITY_OLD_CODE,  MAIN_SUB_ACTIVITY_NAME, MAIN_SUB_ACTIVITY__MAIN_ACTIVITY_RID) VALUES(78,'2.2.9','C.1.s','Measles Rubella SIA operational Cost',16);
INSERT INTO MAIN_SUB_ACTIVITY(MAIN_SUB_ACTIVITY_RID, MAIN_SUB_ACTIVITY_NEW_CODE, MAIN_SUB_ACTIVITY_OLD_CODE,  MAIN_SUB_ACTIVITY_NAME, MAIN_SUB_ACTIVITY__MAIN_ACTIVITY_RID) VALUES(79,'2.3.1.1','A.1.2','Integrated outreach RCH services (state should focus on facility based services and outreach camps to be restricted only to areas without functional health facilities)',17);
INSERT INTO MAIN_SUB_ACTIVITY(MAIN_SUB_ACTIVITY_RID, MAIN_SUB_ACTIVITY_NEW_CODE, MAIN_SUB_ACTIVITY_OLD_CODE,  MAIN_SUB_ACTIVITY_NAME, MAIN_SUB_ACTIVITY__MAIN_ACTIVITY_RID) VALUES(80,'2.3.1.2','A.1.5.1','Line listing and follow-up of severely anaemic women',17);
INSERT INTO MAIN_SUB_ACTIVITY(MAIN_SUB_ACTIVITY_RID, MAIN_SUB_ACTIVITY_NEW_CODE, MAIN_SUB_ACTIVITY_OLD_CODE,  MAIN_SUB_ACTIVITY_NAME, MAIN_SUB_ACTIVITY__MAIN_ACTIVITY_RID) VALUES(81,'2.3.1.3','A.1.5.2','Line listing of the women with blood disorders',17);
INSERT INTO MAIN_SUB_ACTIVITY(MAIN_SUB_ACTIVITY_RID, MAIN_SUB_ACTIVITY_NEW_CODE, MAIN_SUB_ACTIVITY_OLD_CODE,  MAIN_SUB_ACTIVITY_NAME, MAIN_SUB_ACTIVITY__MAIN_ACTIVITY_RID) VALUES(82,'2.3.1.4','A.1.5.3','Follow up mechanism for the severly anemic women and the women with blood disorders',17);
INSERT INTO MAIN_SUB_ACTIVITY(MAIN_SUB_ACTIVITY_RID, MAIN_SUB_ACTIVITY_NEW_CODE, MAIN_SUB_ACTIVITY_OLD_CODE,  MAIN_SUB_ACTIVITY_NAME, MAIN_SUB_ACTIVITY__MAIN_ACTIVITY_RID) VALUES(83,'2.3.1.5','A.4.2.2','Organizing Adolescent Health day',17);
INSERT INTO MAIN_SUB_ACTIVITY(MAIN_SUB_ACTIVITY_RID, MAIN_SUB_ACTIVITY_NEW_CODE, MAIN_SUB_ACTIVITY_OLD_CODE,  MAIN_SUB_ACTIVITY_NAME, MAIN_SUB_ACTIVITY__MAIN_ACTIVITY_RID) VALUES(84,'2.3.1.6','A.4.2.3','Organising Adolescent Friendly Club  meetings at subcentre level ',17);
INSERT INTO MAIN_SUB_ACTIVITY(MAIN_SUB_ACTIVITY_RID, MAIN_SUB_ACTIVITY_NEW_CODE, MAIN_SUB_ACTIVITY_OLD_CODE,  MAIN_SUB_ACTIVITY_NAME, MAIN_SUB_ACTIVITY__MAIN_ACTIVITY_RID) VALUES(85,'2.3.1.8','A.11.2','Services for Vulnerable groups',17);
INSERT INTO MAIN_SUB_ACTIVITY(MAIN_SUB_ACTIVITY_RID, MAIN_SUB_ACTIVITY_NEW_CODE, MAIN_SUB_ACTIVITY_OLD_CODE,  MAIN_SUB_ACTIVITY_NAME, MAIN_SUB_ACTIVITY__MAIN_ACTIVITY_RID) VALUES(86,'2.3.1.9','C.1.f','Focus on slum & underserved areas in urban areas/alternative vaccinator for slums (only where regular ANM under NUHM not engaged)',17);
INSERT INTO MAIN_SUB_ACTIVITY(MAIN_SUB_ACTIVITY_RID, MAIN_SUB_ACTIVITY_NEW_CODE, MAIN_SUB_ACTIVITY_OLD_CODE,  MAIN_SUB_ACTIVITY_NAME, MAIN_SUB_ACTIVITY__MAIN_ACTIVITY_RID) VALUES(87,'2.3.2.1','B18.2','Universal health check-up and screening of NCDs',18);
INSERT INTO MAIN_SUB_ACTIVITY(MAIN_SUB_ACTIVITY_RID, MAIN_SUB_ACTIVITY_NEW_CODE, MAIN_SUB_ACTIVITY_OLD_CODE,  MAIN_SUB_ACTIVITY_NAME, MAIN_SUB_ACTIVITY__MAIN_ACTIVITY_RID) VALUES(88,'2.3.2.3','J.1.3','DMHP: Targeted interventions at community level Activities & interventions targeted at schools, colleges, workplaces, out of school adolescents, urban slums and suicide prevention.',18);
INSERT INTO MAIN_SUB_ACTIVITY(MAIN_SUB_ACTIVITY_RID, MAIN_SUB_ACTIVITY_NEW_CODE, MAIN_SUB_ACTIVITY_OLD_CODE,  MAIN_SUB_ACTIVITY_NAME, MAIN_SUB_ACTIVITY__MAIN_ACTIVITY_RID) VALUES(89,'2.3.2.4','I.1.5','Recurring grant for collection of eye balls by eye banks and eye donation centres',18);
INSERT INTO MAIN_SUB_ACTIVITY(MAIN_SUB_ACTIVITY_RID, MAIN_SUB_ACTIVITY_NEW_CODE, MAIN_SUB_ACTIVITY_OLD_CODE,  MAIN_SUB_ACTIVITY_NAME, MAIN_SUB_ACTIVITY__MAIN_ACTIVITY_RID) VALUES(90,'2.3.2.5','M.2.1.1','Tobacco Cessation Centre (TCC): Weekly FGD with the tobacco users',18);
INSERT INTO MAIN_SUB_ACTIVITY(MAIN_SUB_ACTIVITY_RID, MAIN_SUB_ACTIVITY_NEW_CODE, MAIN_SUB_ACTIVITY_OLD_CODE,  MAIN_SUB_ACTIVITY_NAME, MAIN_SUB_ACTIVITY__MAIN_ACTIVITY_RID) VALUES(91,'2.3.3.1','A.2.10.1','One time Secreening to Identify the carriers of Sickle cell trait, β Thalassemia, Haemoglobin variants at school especially class 8 students ',19);
INSERT INTO MAIN_SUB_ACTIVITY(MAIN_SUB_ACTIVITY_RID, MAIN_SUB_ACTIVITY_NEW_CODE, MAIN_SUB_ACTIVITY_OLD_CODE,  MAIN_SUB_ACTIVITY_NAME, MAIN_SUB_ACTIVITY__MAIN_ACTIVITY_RID) VALUES(92,'2.3.3.2','I.1.3','Screening and free spectacles to school children  @ Rs.275/- per case',19);
INSERT INTO MAIN_SUB_ACTIVITY(MAIN_SUB_ACTIVITY_RID, MAIN_SUB_ACTIVITY_NEW_CODE, MAIN_SUB_ACTIVITY_OLD_CODE,  MAIN_SUB_ACTIVITY_NAME, MAIN_SUB_ACTIVITY__MAIN_ACTIVITY_RID) VALUES(93,'2.3.3.3','I.1.4','Screening and free spectacles for near work to Old Person (New component) @Rs.100/- per case',19);
INSERT INTO MAIN_SUB_ACTIVITY(MAIN_SUB_ACTIVITY_RID, MAIN_SUB_ACTIVITY_NEW_CODE, MAIN_SUB_ACTIVITY_OLD_CODE,  MAIN_SUB_ACTIVITY_NAME, MAIN_SUB_ACTIVITY__MAIN_ACTIVITY_RID) VALUES(94,'2.3.3.4','M.1.2','NTCP Programme at School level',19);
INSERT INTO MAIN_SUB_ACTIVITY(MAIN_SUB_ACTIVITY_RID, MAIN_SUB_ACTIVITY_NEW_CODE, MAIN_SUB_ACTIVITY_OLD_CODE,  MAIN_SUB_ACTIVITY_NAME, MAIN_SUB_ACTIVITY__MAIN_ACTIVITY_RID) VALUES(95,'2.3.3.4.1','M.1.2.1','Coverage of Public School',19);
INSERT INTO MAIN_SUB_ACTIVITY(MAIN_SUB_ACTIVITY_RID, MAIN_SUB_ACTIVITY_NEW_CODE, MAIN_SUB_ACTIVITY_OLD_CODE,  MAIN_SUB_ACTIVITY_NAME, MAIN_SUB_ACTIVITY__MAIN_ACTIVITY_RID) VALUES(96,'2.3.3.4.2','M.1.2.2','Coverage of Pvt. School',19);
INSERT INTO MAIN_SUB_ACTIVITY(MAIN_SUB_ACTIVITY_RID, MAIN_SUB_ACTIVITY_NEW_CODE, MAIN_SUB_ACTIVITY_OLD_CODE,  MAIN_SUB_ACTIVITY_NAME, MAIN_SUB_ACTIVITY__MAIN_ACTIVITY_RID) VALUES(97,'2.3.3.4.3','M.1.2.3','Coverage of Public School in others school programme',19);
INSERT INTO MAIN_SUB_ACTIVITY(MAIN_SUB_ACTIVITY_RID, MAIN_SUB_ACTIVITY_NEW_CODE, MAIN_SUB_ACTIVITY_OLD_CODE,  MAIN_SUB_ACTIVITY_NAME, MAIN_SUB_ACTIVITY__MAIN_ACTIVITY_RID) VALUES(98,'2.3.3.4.4','M.1.2.4','Coverage of Pvt. School in others school programme',19);
INSERT INTO MAIN_SUB_ACTIVITY(MAIN_SUB_ACTIVITY_RID, MAIN_SUB_ACTIVITY_NEW_CODE, MAIN_SUB_ACTIVITY_OLD_CODE,  MAIN_SUB_ACTIVITY_NAME, MAIN_SUB_ACTIVITY__MAIN_ACTIVITY_RID) VALUES(99,'2.3.3.4.5','M.1.2.5','Sensitization campaign for college students',19);
INSERT INTO MAIN_SUB_ACTIVITY(MAIN_SUB_ACTIVITY_RID, MAIN_SUB_ACTIVITY_NEW_CODE, MAIN_SUB_ACTIVITY_OLD_CODE,  MAIN_SUB_ACTIVITY_NAME, MAIN_SUB_ACTIVITY__MAIN_ACTIVITY_RID) VALUES(100,'3.1.1.1','No','Incentive for MCH Services',20);
INSERT INTO MAIN_SUB_ACTIVITY(MAIN_SUB_ACTIVITY_RID, MAIN_SUB_ACTIVITY_NEW_CODE, MAIN_SUB_ACTIVITY_OLD_CODE,  MAIN_SUB_ACTIVITY_NAME, MAIN_SUB_ACTIVITY__MAIN_ACTIVITY_RID) VALUES(101,'3.1.1.1.1','A.1.3.4 ','JSY Incentive to ASHA ',20);
INSERT INTO MAIN_SUB_ACTIVITY(MAIN_SUB_ACTIVITY_RID, MAIN_SUB_ACTIVITY_NEW_CODE, MAIN_SUB_ACTIVITY_OLD_CODE,  MAIN_SUB_ACTIVITY_NAME, MAIN_SUB_ACTIVITY__MAIN_ACTIVITY_RID) VALUES(102,'3.1.1.1.2','B1.1.3.2.6','ASHA incentive under MAA programme @ Rs 100 per ASHA for quarterly mothers meeting ',20);
INSERT INTO MAIN_SUB_ACTIVITY(MAIN_SUB_ACTIVITY_RID, MAIN_SUB_ACTIVITY_NEW_CODE, MAIN_SUB_ACTIVITY_OLD_CODE,  MAIN_SUB_ACTIVITY_NAME, MAIN_SUB_ACTIVITY__MAIN_ACTIVITY_RID) VALUES(103,'3.1.1.1.3','B1.1.3.2.1','Incentive for Home Based Newborn Care programme',20);
INSERT INTO MAIN_SUB_ACTIVITY(MAIN_SUB_ACTIVITY_RID, MAIN_SUB_ACTIVITY_NEW_CODE, MAIN_SUB_ACTIVITY_OLD_CODE,  MAIN_SUB_ACTIVITY_NAME, MAIN_SUB_ACTIVITY__MAIN_ACTIVITY_RID) VALUES(104,'3.1.1.1.4','B1.1.3.2.2','Incentive to ASHA for follow up of SNCU discharge babies and for follow up of LBW babies',20);
INSERT INTO MAIN_SUB_ACTIVITY(MAIN_SUB_ACTIVITY_RID, MAIN_SUB_ACTIVITY_NEW_CODE, MAIN_SUB_ACTIVITY_OLD_CODE,  MAIN_SUB_ACTIVITY_NAME, MAIN_SUB_ACTIVITY__MAIN_ACTIVITY_RID) VALUES(105,'3.1.1.1.5','B1.1.3.2.4','Incentive for referral of SAM cases to NRC and for follow up of discharge SAM children from NRCs',20);
INSERT INTO MAIN_SUB_ACTIVITY(MAIN_SUB_ACTIVITY_RID, MAIN_SUB_ACTIVITY_NEW_CODE, MAIN_SUB_ACTIVITY_OLD_CODE,  MAIN_SUB_ACTIVITY_NAME, MAIN_SUB_ACTIVITY__MAIN_ACTIVITY_RID) VALUES(106,'3.1.1.1.6','B1.1.3.2.7','Incentive for National Deworming Day  for mobilising out of school children',20);
INSERT INTO MAIN_SUB_ACTIVITY(MAIN_SUB_ACTIVITY_RID, MAIN_SUB_ACTIVITY_NEW_CODE, MAIN_SUB_ACTIVITY_OLD_CODE,  MAIN_SUB_ACTIVITY_NAME, MAIN_SUB_ACTIVITY__MAIN_ACTIVITY_RID) VALUES(107,'3.1.1.1.7','B1.1.3.2.8','Incentive for IDCF for prophylactic distribution of ORS  to family with under-five children. ',20);
INSERT INTO MAIN_SUB_ACTIVITY(MAIN_SUB_ACTIVITY_RID, MAIN_SUB_ACTIVITY_NEW_CODE, MAIN_SUB_ACTIVITY_OLD_CODE,  MAIN_SUB_ACTIVITY_NAME, MAIN_SUB_ACTIVITY__MAIN_ACTIVITY_RID) VALUES(108,'3.1.1.1.8','B1.1.3.5.1','National Iron Plus Incentive for mobilizing WRA (non pregnant & non-lactating Women 20-49 years)',20);
INSERT INTO MAIN_SUB_ACTIVITY(MAIN_SUB_ACTIVITY_RID, MAIN_SUB_ACTIVITY_NEW_CODE, MAIN_SUB_ACTIVITY_OLD_CODE,  MAIN_SUB_ACTIVITY_NAME, MAIN_SUB_ACTIVITY__MAIN_ACTIVITY_RID) VALUES(109,'3.1.1.1.9','B1.1.3.5.2','National Iron Plus Incentive for mobilizing children and/or ensuring compliance and reporting (6-59 months)',20);
INSERT INTO MAIN_SUB_ACTIVITY(MAIN_SUB_ACTIVITY_RID, MAIN_SUB_ACTIVITY_NEW_CODE, MAIN_SUB_ACTIVITY_OLD_CODE,  MAIN_SUB_ACTIVITY_NAME, MAIN_SUB_ACTIVITY__MAIN_ACTIVITY_RID) VALUES(110,'3.1.1.1.11','C.5','ASHA Incentive under Immunzation',20);
INSERT INTO MAIN_SUB_ACTIVITY(MAIN_SUB_ACTIVITY_RID, MAIN_SUB_ACTIVITY_NEW_CODE, MAIN_SUB_ACTIVITY_OLD_CODE,  MAIN_SUB_ACTIVITY_NAME, MAIN_SUB_ACTIVITY__MAIN_ACTIVITY_RID) VALUES(111,'3.1.1.1.12','B1.1.3.6/B1.1.3.1.1/B1.1.3.1.2/B14.2','Any other ASHA incentives (please specify)',20);
INSERT INTO MAIN_SUB_ACTIVITY(MAIN_SUB_ACTIVITY_RID, MAIN_SUB_ACTIVITY_NEW_CODE, MAIN_SUB_ACTIVITY_OLD_CODE,  MAIN_SUB_ACTIVITY_NAME, MAIN_SUB_ACTIVITY__MAIN_ACTIVITY_RID) VALUES(112,'3.1.1.2','No','Incentive for FP Services',20);
INSERT INTO MAIN_SUB_ACTIVITY(MAIN_SUB_ACTIVITY_RID, MAIN_SUB_ACTIVITY_NEW_CODE, MAIN_SUB_ACTIVITY_OLD_CODE,  MAIN_SUB_ACTIVITY_NAME, MAIN_SUB_ACTIVITY__MAIN_ACTIVITY_RID) VALUES(113,'3.1.1.2.4','B1.1.3.3.1','ASHA PPIUCD incentive for accompanying the client for PPIUCD insertion (@ Rs. 150/ASHA/insertion)',20);
INSERT INTO MAIN_SUB_ACTIVITY(MAIN_SUB_ACTIVITY_RID, MAIN_SUB_ACTIVITY_NEW_CODE, MAIN_SUB_ACTIVITY_OLD_CODE,  MAIN_SUB_ACTIVITY_NAME, MAIN_SUB_ACTIVITY__MAIN_ACTIVITY_RID) VALUES(114,'3.1.1.2.5','B1.1.3.3.2','ASHA PAIUCD incentive for accompanying the client for PAIUCD insertion (@ Rs. 150/ASHA/insertion)',20);
INSERT INTO MAIN_SUB_ACTIVITY(MAIN_SUB_ACTIVITY_RID, MAIN_SUB_ACTIVITY_NEW_CODE, MAIN_SUB_ACTIVITY_OLD_CODE,  MAIN_SUB_ACTIVITY_NAME, MAIN_SUB_ACTIVITY__MAIN_ACTIVITY_RID) VALUES(115,'3.1.1.2.6','B1.1.3.3.3','ASHA incentive under ESB scheme for promoting spacing of births',20);
INSERT INTO MAIN_SUB_ACTIVITY(MAIN_SUB_ACTIVITY_RID, MAIN_SUB_ACTIVITY_NEW_CODE, MAIN_SUB_ACTIVITY_OLD_CODE,  MAIN_SUB_ACTIVITY_NAME, MAIN_SUB_ACTIVITY__MAIN_ACTIVITY_RID) VALUES(116,'3.1.1.2.7','B1.1.3.3.4','ASHA Incentive under ESB scheme for promoting adoption of limiting method upto two children',20);
INSERT INTO MAIN_SUB_ACTIVITY(MAIN_SUB_ACTIVITY_RID, MAIN_SUB_ACTIVITY_NEW_CODE, MAIN_SUB_ACTIVITY_OLD_CODE,  MAIN_SUB_ACTIVITY_NAME, MAIN_SUB_ACTIVITY__MAIN_ACTIVITY_RID) VALUES(117,'3.1.1.3','No','Incentive for AH/ RKSK Services',20);
INSERT INTO MAIN_SUB_ACTIVITY(MAIN_SUB_ACTIVITY_RID, MAIN_SUB_ACTIVITY_NEW_CODE, MAIN_SUB_ACTIVITY_OLD_CODE,  MAIN_SUB_ACTIVITY_NAME, MAIN_SUB_ACTIVITY__MAIN_ACTIVITY_RID) VALUES(118,'3.1.1.3.1','B.1.1.3.4.1','Incentive for support to Peer Educator',20);
INSERT INTO MAIN_SUB_ACTIVITY(MAIN_SUB_ACTIVITY_RID, MAIN_SUB_ACTIVITY_NEW_CODE, MAIN_SUB_ACTIVITY_OLD_CODE,  MAIN_SUB_ACTIVITY_NAME, MAIN_SUB_ACTIVITY__MAIN_ACTIVITY_RID) VALUES(119,'3.1.1.3.2','B.1.1.3.4.2','Incentive for mobilizing adolescents  and community for AHD',20);
INSERT INTO MAIN_SUB_ACTIVITY(MAIN_SUB_ACTIVITY_RID, MAIN_SUB_ACTIVITY_NEW_CODE, MAIN_SUB_ACTIVITY_OLD_CODE,  MAIN_SUB_ACTIVITY_NAME, MAIN_SUB_ACTIVITY__MAIN_ACTIVITY_RID) VALUES(120,'3.1.1.3.3','B.1.1.3.4.3','Any other ASHA incentives (please specify)',20);
INSERT INTO MAIN_SUB_ACTIVITY(MAIN_SUB_ACTIVITY_RID, MAIN_SUB_ACTIVITY_NEW_CODE, MAIN_SUB_ACTIVITY_OLD_CODE,  MAIN_SUB_ACTIVITY_NAME, MAIN_SUB_ACTIVITY__MAIN_ACTIVITY_RID) VALUES(121,'3.1.1.4','No','Incentive for DCPs',20);
INSERT INTO MAIN_SUB_ACTIVITY(MAIN_SUB_ACTIVITY_RID, MAIN_SUB_ACTIVITY_NEW_CODE, MAIN_SUB_ACTIVITY_OLD_CODE,  MAIN_SUB_ACTIVITY_NAME, MAIN_SUB_ACTIVITY__MAIN_ACTIVITY_RID) VALUES(122,'3.1.1.4.1','F.1.1.b','ASHA Incentive/ Honorarium for Malaria',20);
INSERT INTO MAIN_SUB_ACTIVITY(MAIN_SUB_ACTIVITY_RID, MAIN_SUB_ACTIVITY_NEW_CODE, MAIN_SUB_ACTIVITY_OLD_CODE,  MAIN_SUB_ACTIVITY_NAME, MAIN_SUB_ACTIVITY__MAIN_ACTIVITY_RID) VALUES(123,'3.1.1.4.2','F.1.2.i','ASHA Incentive for Dengue and Chikungunya',20);
INSERT INTO MAIN_SUB_ACTIVITY(MAIN_SUB_ACTIVITY_RID, MAIN_SUB_ACTIVITY_NEW_CODE, MAIN_SUB_ACTIVITY_OLD_CODE,  MAIN_SUB_ACTIVITY_NAME, MAIN_SUB_ACTIVITY__MAIN_ACTIVITY_RID) VALUES(124,'3.1.1.4.5','F.1.4.e','Honorarium  for Drug Distribution including ASHAs and supervisors involved in MDA',20);
INSERT INTO MAIN_SUB_ACTIVITY(MAIN_SUB_ACTIVITY_RID, MAIN_SUB_ACTIVITY_NEW_CODE, MAIN_SUB_ACTIVITY_OLD_CODE,  MAIN_SUB_ACTIVITY_NAME, MAIN_SUB_ACTIVITY__MAIN_ACTIVITY_RID) VALUES(125,'3.1.1.4.7','G.1.3.a','ASHA Involvement under NLEP - Sensitisation',20);
INSERT INTO MAIN_SUB_ACTIVITY(MAIN_SUB_ACTIVITY_RID, MAIN_SUB_ACTIVITY_NEW_CODE, MAIN_SUB_ACTIVITY_OLD_CODE,  MAIN_SUB_ACTIVITY_NAME, MAIN_SUB_ACTIVITY__MAIN_ACTIVITY_RID) VALUES(126,'3.1.1.4.7.a','G.1.3.b.i','ASHA incentive for detection of leprosy',20);
INSERT INTO MAIN_SUB_ACTIVITY(MAIN_SUB_ACTIVITY_RID, MAIN_SUB_ACTIVITY_NEW_CODE, MAIN_SUB_ACTIVITY_OLD_CODE,  MAIN_SUB_ACTIVITY_NAME, MAIN_SUB_ACTIVITY__MAIN_ACTIVITY_RID) VALUES(127,'3.1.1.4.7.b','G.1.3.b.ii','ASHA Incentive for PB (Treatment completion)',20);
INSERT INTO MAIN_SUB_ACTIVITY(MAIN_SUB_ACTIVITY_RID, MAIN_SUB_ACTIVITY_NEW_CODE, MAIN_SUB_ACTIVITY_OLD_CODE,  MAIN_SUB_ACTIVITY_NAME, MAIN_SUB_ACTIVITY__MAIN_ACTIVITY_RID) VALUES(128,'3.1.1.4.7.c','G.1.3.b.iii','ASHA Incentive for MB (Treatment completion)',20);
INSERT INTO MAIN_SUB_ACTIVITY(MAIN_SUB_ACTIVITY_RID, MAIN_SUB_ACTIVITY_NEW_CODE, MAIN_SUB_ACTIVITY_OLD_CODE,  MAIN_SUB_ACTIVITY_NAME, MAIN_SUB_ACTIVITY__MAIN_ACTIVITY_RID) VALUES(129,'3.1.1.4.8','new','Any other ASHA incentives (please specify)',20);
INSERT INTO MAIN_SUB_ACTIVITY(MAIN_SUB_ACTIVITY_RID, MAIN_SUB_ACTIVITY_NEW_CODE, MAIN_SUB_ACTIVITY_OLD_CODE,  MAIN_SUB_ACTIVITY_NAME, MAIN_SUB_ACTIVITY__MAIN_ACTIVITY_RID) VALUES(130,'3.1.1.5','No','Incentive for NCDs',20);
INSERT INTO MAIN_SUB_ACTIVITY(MAIN_SUB_ACTIVITY_RID, MAIN_SUB_ACTIVITY_NEW_CODE, MAIN_SUB_ACTIVITY_OLD_CODE,  MAIN_SUB_ACTIVITY_NAME, MAIN_SUB_ACTIVITY__MAIN_ACTIVITY_RID) VALUES(131,'3.1.1.5.1','D.5','ASHA Incentive under NIDDCP',20);
INSERT INTO MAIN_SUB_ACTIVITY(MAIN_SUB_ACTIVITY_RID, MAIN_SUB_ACTIVITY_NEW_CODE, MAIN_SUB_ACTIVITY_OLD_CODE,  MAIN_SUB_ACTIVITY_NAME, MAIN_SUB_ACTIVITY__MAIN_ACTIVITY_RID) VALUES(132,'3.1.1.5.2','B1.1.3.6.9','Any other ASHA incentives (please specify)',20);
INSERT INTO MAIN_SUB_ACTIVITY(MAIN_SUB_ACTIVITY_RID, MAIN_SUB_ACTIVITY_NEW_CODE, MAIN_SUB_ACTIVITY_OLD_CODE,  MAIN_SUB_ACTIVITY_NAME, MAIN_SUB_ACTIVITY__MAIN_ACTIVITY_RID) VALUES(133,'3.1.1.6','No','Other Incentives ',20);
INSERT INTO MAIN_SUB_ACTIVITY(MAIN_SUB_ACTIVITY_RID, MAIN_SUB_ACTIVITY_NEW_CODE, MAIN_SUB_ACTIVITY_OLD_CODE,  MAIN_SUB_ACTIVITY_NAME, MAIN_SUB_ACTIVITY__MAIN_ACTIVITY_RID) VALUES(134,'3.1.1.6.1','B1.1.3.6.1','ASHA incentives for routine activities ',20);
INSERT INTO MAIN_SUB_ACTIVITY(MAIN_SUB_ACTIVITY_RID, MAIN_SUB_ACTIVITY_NEW_CODE, MAIN_SUB_ACTIVITY_OLD_CODE,  MAIN_SUB_ACTIVITY_NAME, MAIN_SUB_ACTIVITY__MAIN_ACTIVITY_RID) VALUES(135,'3.1.1.6.2','B1.1.3.6.6/B1.1.3.6.3/B1.1.3.6.4/B1.1.3.6.5','Any other ASHA incentives (please specify)',20);
INSERT INTO MAIN_SUB_ACTIVITY(MAIN_SUB_ACTIVITY_RID, MAIN_SUB_ACTIVITY_NEW_CODE, MAIN_SUB_ACTIVITY_OLD_CODE,  MAIN_SUB_ACTIVITY_NAME, MAIN_SUB_ACTIVITY__MAIN_ACTIVITY_RID) VALUES(136,'3.1.2.1','B1.1.1.1','Induction training',21);
INSERT INTO MAIN_SUB_ACTIVITY(MAIN_SUB_ACTIVITY_RID, MAIN_SUB_ACTIVITY_NEW_CODE, MAIN_SUB_ACTIVITY_OLD_CODE,  MAIN_SUB_ACTIVITY_NAME, MAIN_SUB_ACTIVITY__MAIN_ACTIVITY_RID) VALUES(137,'3.1.2.2','B1.1.1.2','Module VI & VII ',21);
INSERT INTO MAIN_SUB_ACTIVITY(MAIN_SUB_ACTIVITY_RID, MAIN_SUB_ACTIVITY_NEW_CODE, MAIN_SUB_ACTIVITY_OLD_CODE,  MAIN_SUB_ACTIVITY_NAME, MAIN_SUB_ACTIVITY__MAIN_ACTIVITY_RID) VALUES(138,'3.1.2.3','B1.1.1.3','Supplementary training for ASHAs ',21);
INSERT INTO MAIN_SUB_ACTIVITY(MAIN_SUB_ACTIVITY_RID, MAIN_SUB_ACTIVITY_NEW_CODE, MAIN_SUB_ACTIVITY_OLD_CODE,  MAIN_SUB_ACTIVITY_NAME, MAIN_SUB_ACTIVITY__MAIN_ACTIVITY_RID) VALUES(139,'3.1.2.4','B1.2','Certification of ASHA by NIOS',21);
INSERT INTO MAIN_SUB_ACTIVITY(MAIN_SUB_ACTIVITY_RID, MAIN_SUB_ACTIVITY_NEW_CODE, MAIN_SUB_ACTIVITY_OLD_CODE,  MAIN_SUB_ACTIVITY_NAME, MAIN_SUB_ACTIVITY__MAIN_ACTIVITY_RID) VALUES(140,'3.1.2.6','A.9.12.5','Training/Refresher training -ASHA (one day) (RBSK trainings)',21);
INSERT INTO MAIN_SUB_ACTIVITY(MAIN_SUB_ACTIVITY_RID, MAIN_SUB_ACTIVITY_NEW_CODE, MAIN_SUB_ACTIVITY_OLD_CODE,  MAIN_SUB_ACTIVITY_NAME, MAIN_SUB_ACTIVITY__MAIN_ACTIVITY_RID) VALUES(141,'3.1.2.7','B1.1.1.5.1','Training of ASHA facilitator',21);
INSERT INTO MAIN_SUB_ACTIVITY(MAIN_SUB_ACTIVITY_RID, MAIN_SUB_ACTIVITY_NEW_CODE, MAIN_SUB_ACTIVITY_OLD_CODE,  MAIN_SUB_ACTIVITY_NAME, MAIN_SUB_ACTIVITY__MAIN_ACTIVITY_RID) VALUES(142,'3.1.2.8','B.1.1.5','Any other (please specify)',21);
INSERT INTO MAIN_SUB_ACTIVITY(MAIN_SUB_ACTIVITY_RID, MAIN_SUB_ACTIVITY_NEW_CODE, MAIN_SUB_ACTIVITY_OLD_CODE,  MAIN_SUB_ACTIVITY_NAME, MAIN_SUB_ACTIVITY__MAIN_ACTIVITY_RID) VALUES(143,'3.1.3.1','B1.1.1.4.1','Supervision costs  by ASHA facilitators(12 months)',22);
INSERT INTO MAIN_SUB_ACTIVITY(MAIN_SUB_ACTIVITY_RID, MAIN_SUB_ACTIVITY_NEW_CODE, MAIN_SUB_ACTIVITY_OLD_CODE,  MAIN_SUB_ACTIVITY_NAME, MAIN_SUB_ACTIVITY__MAIN_ACTIVITY_RID) VALUES(144,'3.1.3.2','B1.1.3.7','Support provisions to ASHA (Uniform)',22);
INSERT INTO MAIN_SUB_ACTIVITY(MAIN_SUB_ACTIVITY_RID, MAIN_SUB_ACTIVITY_NEW_CODE, MAIN_SUB_ACTIVITY_OLD_CODE,  MAIN_SUB_ACTIVITY_NAME, MAIN_SUB_ACTIVITY__MAIN_ACTIVITY_RID) VALUES(145,'3.1.3.3','B1.1.4','Awards to ASHAs/Link workers',22);
INSERT INTO MAIN_SUB_ACTIVITY(MAIN_SUB_ACTIVITY_RID, MAIN_SUB_ACTIVITY_NEW_CODE, MAIN_SUB_ACTIVITY_OLD_CODE,  MAIN_SUB_ACTIVITY_NAME, MAIN_SUB_ACTIVITY__MAIN_ACTIVITY_RID) VALUES(146,'3.1.3.4','C.1.g','Mobilization of children through ASHA or other mobilizers',22);
INSERT INTO MAIN_SUB_ACTIVITY(MAIN_SUB_ACTIVITY_RID, MAIN_SUB_ACTIVITY_NEW_CODE, MAIN_SUB_ACTIVITY_OLD_CODE,  MAIN_SUB_ACTIVITY_NAME, MAIN_SUB_ACTIVITY__MAIN_ACTIVITY_RID) VALUES(147,'3.1.3.5','C.1.v','Any other (please specify)',22);
INSERT INTO MAIN_SUB_ACTIVITY(MAIN_SUB_ACTIVITY_RID, MAIN_SUB_ACTIVITY_NEW_CODE, MAIN_SUB_ACTIVITY_OLD_CODE,  MAIN_SUB_ACTIVITY_NAME, MAIN_SUB_ACTIVITY__MAIN_ACTIVITY_RID) VALUES(148,'3.2.1','A.3.7.5','Other activities under Mission Parivar Vikas : Demand Generation (Saarthi, Saas Bahu Sammellan, Creating enabling environment)',23);
INSERT INTO MAIN_SUB_ACTIVITY(MAIN_SUB_ACTIVITY_RID, MAIN_SUB_ACTIVITY_NEW_CODE, MAIN_SUB_ACTIVITY_OLD_CODE,  MAIN_SUB_ACTIVITY_NAME, MAIN_SUB_ACTIVITY__MAIN_ACTIVITY_RID) VALUES(149,'3.2.2','A.4.2.1','Incentives for Peer Educators',23);
INSERT INTO MAIN_SUB_ACTIVITY(MAIN_SUB_ACTIVITY_RID, MAIN_SUB_ACTIVITY_NEW_CODE, MAIN_SUB_ACTIVITY_OLD_CODE,  MAIN_SUB_ACTIVITY_NAME, MAIN_SUB_ACTIVITY__MAIN_ACTIVITY_RID) VALUES(150,'3.2.3','H.3','Honorarium/Counselling Charges for RNTCP',23);
INSERT INTO MAIN_SUB_ACTIVITY(MAIN_SUB_ACTIVITY_RID, MAIN_SUB_ACTIVITY_NEW_CODE, MAIN_SUB_ACTIVITY_OLD_CODE,  MAIN_SUB_ACTIVITY_NAME, MAIN_SUB_ACTIVITY__MAIN_ACTIVITY_RID) VALUES(151,'3.2.4.1','B15.1.1','State level',24);
INSERT INTO MAIN_SUB_ACTIVITY(MAIN_SUB_ACTIVITY_RID, MAIN_SUB_ACTIVITY_NEW_CODE, MAIN_SUB_ACTIVITY_OLD_CODE,  MAIN_SUB_ACTIVITY_NAME, MAIN_SUB_ACTIVITY__MAIN_ACTIVITY_RID) VALUES(152,'3.2.4.2','B15.1.2','District level',24);
INSERT INTO MAIN_SUB_ACTIVITY(MAIN_SUB_ACTIVITY_RID, MAIN_SUB_ACTIVITY_NEW_CODE, MAIN_SUB_ACTIVITY_OLD_CODE,  MAIN_SUB_ACTIVITY_NAME, MAIN_SUB_ACTIVITY__MAIN_ACTIVITY_RID) VALUES(153,'3.2.4.3','B15.1.3','Block level ',24);
INSERT INTO MAIN_SUB_ACTIVITY(MAIN_SUB_ACTIVITY_RID, MAIN_SUB_ACTIVITY_NEW_CODE, MAIN_SUB_ACTIVITY_OLD_CODE,  MAIN_SUB_ACTIVITY_NAME, MAIN_SUB_ACTIVITY__MAIN_ACTIVITY_RID) VALUES(154,'3.2.4.4','B15.1.4.1','Constitution / Reconstitution of VHSNC',24);
INSERT INTO MAIN_SUB_ACTIVITY(MAIN_SUB_ACTIVITY_RID, MAIN_SUB_ACTIVITY_NEW_CODE, MAIN_SUB_ACTIVITY_OLD_CODE,  MAIN_SUB_ACTIVITY_NAME, MAIN_SUB_ACTIVITY__MAIN_ACTIVITY_RID) VALUES(155,'3.2.4.5','B15.1.4','Any other (please specify)',24);
INSERT INTO MAIN_SUB_ACTIVITY(MAIN_SUB_ACTIVITY_RID, MAIN_SUB_ACTIVITY_NEW_CODE, MAIN_SUB_ACTIVITY_OLD_CODE,  MAIN_SUB_ACTIVITY_NAME, MAIN_SUB_ACTIVITY__MAIN_ACTIVITY_RID) VALUES(156,'3.2.5.1','F.1.1.c','Preventive strategies for Malaria',25);
INSERT INTO MAIN_SUB_ACTIVITY(MAIN_SUB_ACTIVITY_RID, MAIN_SUB_ACTIVITY_NEW_CODE, MAIN_SUB_ACTIVITY_OLD_CODE,  MAIN_SUB_ACTIVITY_NAME, MAIN_SUB_ACTIVITY__MAIN_ACTIVITY_RID) VALUES(157,'3.2.5.1.1','F.1.1.c.i','Operational cost for Spray Wages ',25);
INSERT INTO MAIN_SUB_ACTIVITY(MAIN_SUB_ACTIVITY_RID, MAIN_SUB_ACTIVITY_NEW_CODE, MAIN_SUB_ACTIVITY_OLD_CODE,  MAIN_SUB_ACTIVITY_NAME, MAIN_SUB_ACTIVITY__MAIN_ACTIVITY_RID) VALUES(158,'3.2.5.1.2','F.1.1.c.ii','Operational cost for IRS',25);
INSERT INTO MAIN_SUB_ACTIVITY(MAIN_SUB_ACTIVITY_RID, MAIN_SUB_ACTIVITY_NEW_CODE, MAIN_SUB_ACTIVITY_OLD_CODE,  MAIN_SUB_ACTIVITY_NAME, MAIN_SUB_ACTIVITY__MAIN_ACTIVITY_RID) VALUES(159,'3.2.5.1.3','F.1.1.c.iii','Operational cost for Impregnation  of Bed nets-  for NE states',25);
INSERT INTO MAIN_SUB_ACTIVITY(MAIN_SUB_ACTIVITY_RID, MAIN_SUB_ACTIVITY_NEW_CODE, MAIN_SUB_ACTIVITY_OLD_CODE,  MAIN_SUB_ACTIVITY_NAME, MAIN_SUB_ACTIVITY__MAIN_ACTIVITY_RID) VALUES(160,'3.2.5.1.4','F.1.1.h','Biological and Environmental Management through VHSC',25);
INSERT INTO MAIN_SUB_ACTIVITY(MAIN_SUB_ACTIVITY_RID, MAIN_SUB_ACTIVITY_NEW_CODE, MAIN_SUB_ACTIVITY_OLD_CODE,  MAIN_SUB_ACTIVITY_NAME, MAIN_SUB_ACTIVITY__MAIN_ACTIVITY_RID) VALUES(161,'3.2.5.1.5','F.1.1.i','Larvivorous Fish support',25);
INSERT INTO MAIN_SUB_ACTIVITY(MAIN_SUB_ACTIVITY_RID, MAIN_SUB_ACTIVITY_NEW_CODE, MAIN_SUB_ACTIVITY_OLD_CODE,  MAIN_SUB_ACTIVITY_NAME, MAIN_SUB_ACTIVITY__MAIN_ACTIVITY_RID) VALUES(162,'3.2.5.2','F.1.1.c','Preventive strategies for vector born diseases',25);
INSERT INTO MAIN_SUB_ACTIVITY(MAIN_SUB_ACTIVITY_RID, MAIN_SUB_ACTIVITY_NEW_CODE, MAIN_SUB_ACTIVITY_OLD_CODE,  MAIN_SUB_ACTIVITY_NAME, MAIN_SUB_ACTIVITY__MAIN_ACTIVITY_RID) VALUES(163,'3.2.5.2.1','F.1.2.f','Dengue & Chikungunya: Vector Control,  environmental management & fogging machine',25);
INSERT INTO MAIN_SUB_ACTIVITY(MAIN_SUB_ACTIVITY_RID, MAIN_SUB_ACTIVITY_NEW_CODE, MAIN_SUB_ACTIVITY_OLD_CODE,  MAIN_SUB_ACTIVITY_NAME, MAIN_SUB_ACTIVITY__MAIN_ACTIVITY_RID) VALUES(164,'3.2.5.2.2','F.1.3.g','Acute Encephalitis Syndrome (AES)/ Japanese Encephalitis (JE): Operational costs for malathion  fogging',25);
INSERT INTO MAIN_SUB_ACTIVITY(MAIN_SUB_ACTIVITY_RID, MAIN_SUB_ACTIVITY_NEW_CODE, MAIN_SUB_ACTIVITY_OLD_CODE,  MAIN_SUB_ACTIVITY_NAME, MAIN_SUB_ACTIVITY__MAIN_ACTIVITY_RID) VALUES(165,'3.2.5.2.3','F.1.5.b','Kala-azar: Operational cost for spray including spray wages',25);
INSERT INTO MAIN_SUB_ACTIVITY(MAIN_SUB_ACTIVITY_RID, MAIN_SUB_ACTIVITY_NEW_CODE, MAIN_SUB_ACTIVITY_OLD_CODE,  MAIN_SUB_ACTIVITY_NAME, MAIN_SUB_ACTIVITY__MAIN_ACTIVITY_RID) VALUES(166,'3.2.5.2.4','F.1.5.e','Kala-azar: Training for spraying',25);
INSERT INTO MAIN_SUB_ACTIVITY(MAIN_SUB_ACTIVITY_RID, MAIN_SUB_ACTIVITY_NEW_CODE, MAIN_SUB_ACTIVITY_OLD_CODE,  MAIN_SUB_ACTIVITY_NAME, MAIN_SUB_ACTIVITY__MAIN_ACTIVITY_RID) VALUES(167,'3.2.5.3','J.1.3','District counselling centre (DCC) and crisis helpline outsourced to psychology department/ NGO per year',25);
INSERT INTO MAIN_SUB_ACTIVITY(MAIN_SUB_ACTIVITY_RID, MAIN_SUB_ACTIVITY_NEW_CODE, MAIN_SUB_ACTIVITY_OLD_CODE,  MAIN_SUB_ACTIVITY_NAME, MAIN_SUB_ACTIVITY__MAIN_ACTIVITY_RID) VALUES(168,'3.2.5.4','No','Any other (please specify)',25);
INSERT INTO MAIN_SUB_ACTIVITY(MAIN_SUB_ACTIVITY_RID, MAIN_SUB_ACTIVITY_NEW_CODE, MAIN_SUB_ACTIVITY_OLD_CODE,  MAIN_SUB_ACTIVITY_NAME, MAIN_SUB_ACTIVITY__MAIN_ACTIVITY_RID) VALUES(169,'3.3.1','B8.1','Orientation of Community leader & of VHSC,SHC,PHC,CHC etc.',26);
INSERT INTO MAIN_SUB_ACTIVITY(MAIN_SUB_ACTIVITY_RID, MAIN_SUB_ACTIVITY_NEW_CODE, MAIN_SUB_ACTIVITY_OLD_CODE,  MAIN_SUB_ACTIVITY_NAME, MAIN_SUB_ACTIVITY__MAIN_ACTIVITY_RID) VALUES(170,'3.3.3.1','E.2.9','One day sensitization for PRIs',27);
INSERT INTO MAIN_SUB_ACTIVITY(MAIN_SUB_ACTIVITY_RID, MAIN_SUB_ACTIVITY_NEW_CODE, MAIN_SUB_ACTIVITY_OLD_CODE,  MAIN_SUB_ACTIVITY_NAME, MAIN_SUB_ACTIVITY__MAIN_ACTIVITY_RID) VALUES(171,'3.3.3.2','M.1.1.4','Training of PRIs representatives/ Police personnel/ Teachers/ Transport personnel/ NGO personnel/ other stakeholders',27);
INSERT INTO MAIN_SUB_ACTIVITY(MAIN_SUB_ACTIVITY_RID, MAIN_SUB_ACTIVITY_NEW_CODE, MAIN_SUB_ACTIVITY_OLD_CODE,  MAIN_SUB_ACTIVITY_NAME, MAIN_SUB_ACTIVITY__MAIN_ACTIVITY_RID) VALUES(172,'4.1.1','B2.1','District Hospitals ',28);
INSERT INTO MAIN_SUB_ACTIVITY(MAIN_SUB_ACTIVITY_RID, MAIN_SUB_ACTIVITY_NEW_CODE, MAIN_SUB_ACTIVITY_OLD_CODE,  MAIN_SUB_ACTIVITY_NAME, MAIN_SUB_ACTIVITY__MAIN_ACTIVITY_RID) VALUES(173,'4.1.2','B2.2','SDH',28);
INSERT INTO MAIN_SUB_ACTIVITY(MAIN_SUB_ACTIVITY_RID, MAIN_SUB_ACTIVITY_NEW_CODE, MAIN_SUB_ACTIVITY_OLD_CODE,  MAIN_SUB_ACTIVITY_NAME, MAIN_SUB_ACTIVITY__MAIN_ACTIVITY_RID) VALUES(174,'4.1.3','B2.3','CHCs',28);
INSERT INTO MAIN_SUB_ACTIVITY(MAIN_SUB_ACTIVITY_RID, MAIN_SUB_ACTIVITY_NEW_CODE, MAIN_SUB_ACTIVITY_OLD_CODE,  MAIN_SUB_ACTIVITY_NAME, MAIN_SUB_ACTIVITY__MAIN_ACTIVITY_RID) VALUES(175,'4.1.4','B2.4','PHCs',28);
INSERT INTO MAIN_SUB_ACTIVITY(MAIN_SUB_ACTIVITY_RID, MAIN_SUB_ACTIVITY_NEW_CODE, MAIN_SUB_ACTIVITY_OLD_CODE,  MAIN_SUB_ACTIVITY_NAME, MAIN_SUB_ACTIVITY__MAIN_ACTIVITY_RID) VALUES(176,'4.1.5','B2.5','Sub Centres',28);
INSERT INTO MAIN_SUB_ACTIVITY(MAIN_SUB_ACTIVITY_RID, MAIN_SUB_ACTIVITY_NEW_CODE, MAIN_SUB_ACTIVITY_OLD_CODE,  MAIN_SUB_ACTIVITY_NAME, MAIN_SUB_ACTIVITY__MAIN_ACTIVITY_RID) VALUES(177,'4.1.6','B2.6','VHSC',28);
INSERT INTO MAIN_SUB_ACTIVITY(MAIN_SUB_ACTIVITY_RID, MAIN_SUB_ACTIVITY_NEW_CODE, MAIN_SUB_ACTIVITY_OLD_CODE,  MAIN_SUB_ACTIVITY_NAME, MAIN_SUB_ACTIVITY__MAIN_ACTIVITY_RID) VALUES(178,'4.1.7','B2.7','Others (please specify)',28);
INSERT INTO MAIN_SUB_ACTIVITY(MAIN_SUB_ACTIVITY_RID, MAIN_SUB_ACTIVITY_NEW_CODE, MAIN_SUB_ACTIVITY_OLD_CODE,  MAIN_SUB_ACTIVITY_NAME, MAIN_SUB_ACTIVITY__MAIN_ACTIVITY_RID) VALUES(179,'5.1.1.1','B4.1.1/ B4.1.2/ B4.1.3/ B4.1.4/ B4.1.5/ B4.1.6/ B5.6/ A.9.10/B.5.10','Additional Building/ Major Upgradation of existing Structure',29);
INSERT INTO MAIN_SUB_ACTIVITY(MAIN_SUB_ACTIVITY_RID, MAIN_SUB_ACTIVITY_NEW_CODE, MAIN_SUB_ACTIVITY_OLD_CODE,  MAIN_SUB_ACTIVITY_NAME, MAIN_SUB_ACTIVITY__MAIN_ACTIVITY_RID) VALUES(180,'5.1.1.1.a','B4.1.1.1','District Hospitals (As per the DH Strengthening Guidelines)',29);
INSERT INTO MAIN_SUB_ACTIVITY(MAIN_SUB_ACTIVITY_RID, MAIN_SUB_ACTIVITY_NEW_CODE, MAIN_SUB_ACTIVITY_OLD_CODE,  MAIN_SUB_ACTIVITY_NAME, MAIN_SUB_ACTIVITY__MAIN_ACTIVITY_RID) VALUES(181,'5.1.1.1.b','B4.1.6.1','SDH',29);
INSERT INTO MAIN_SUB_ACTIVITY(MAIN_SUB_ACTIVITY_RID, MAIN_SUB_ACTIVITY_NEW_CODE, MAIN_SUB_ACTIVITY_OLD_CODE,  MAIN_SUB_ACTIVITY_NAME, MAIN_SUB_ACTIVITY__MAIN_ACTIVITY_RID) VALUES(182,'5.1.1.1.c','B4.1.2.1','CHCs',29);
INSERT INTO MAIN_SUB_ACTIVITY(MAIN_SUB_ACTIVITY_RID, MAIN_SUB_ACTIVITY_NEW_CODE, MAIN_SUB_ACTIVITY_OLD_CODE,  MAIN_SUB_ACTIVITY_NAME, MAIN_SUB_ACTIVITY__MAIN_ACTIVITY_RID) VALUES(183,'5.1.1.1.d','B4.1.3.1','PHCs',29);
INSERT INTO MAIN_SUB_ACTIVITY(MAIN_SUB_ACTIVITY_RID, MAIN_SUB_ACTIVITY_NEW_CODE, MAIN_SUB_ACTIVITY_OLD_CODE,  MAIN_SUB_ACTIVITY_NAME, MAIN_SUB_ACTIVITY__MAIN_ACTIVITY_RID) VALUES(184,'5.1.1.1.e','B4.1.4.1','Sub Centres',29);
INSERT INTO MAIN_SUB_ACTIVITY(MAIN_SUB_ACTIVITY_RID, MAIN_SUB_ACTIVITY_NEW_CODE, MAIN_SUB_ACTIVITY_OLD_CODE,  MAIN_SUB_ACTIVITY_NAME, MAIN_SUB_ACTIVITY__MAIN_ACTIVITY_RID) VALUES(185,'5.1.1.1.f','B4.1.5.2','MCH Wings',29);
INSERT INTO MAIN_SUB_ACTIVITY(MAIN_SUB_ACTIVITY_RID, MAIN_SUB_ACTIVITY_NEW_CODE, MAIN_SUB_ACTIVITY_OLD_CODE,  MAIN_SUB_ACTIVITY_NAME, MAIN_SUB_ACTIVITY__MAIN_ACTIVITY_RID) VALUES(186,'5.1.1.1.g','B.5.6.3','Facility based newborn care centres (SNCU/NBSU/NBCC/KMC unit)',29);
INSERT INTO MAIN_SUB_ACTIVITY(MAIN_SUB_ACTIVITY_RID, MAIN_SUB_ACTIVITY_NEW_CODE, MAIN_SUB_ACTIVITY_OLD_CODE,  MAIN_SUB_ACTIVITY_NAME, MAIN_SUB_ACTIVITY__MAIN_ACTIVITY_RID) VALUES(187,'5.1.1.1.h','I.2.7','Grant-in-aid for construction of Eye Wards and Eye OTS (renamed as  dedicated eye unit)',29);
INSERT INTO MAIN_SUB_ACTIVITY(MAIN_SUB_ACTIVITY_RID, MAIN_SUB_ACTIVITY_NEW_CODE, MAIN_SUB_ACTIVITY_OLD_CODE,  MAIN_SUB_ACTIVITY_NAME, MAIN_SUB_ACTIVITY__MAIN_ACTIVITY_RID) VALUES(188,'5.1.1.1.i','B.5.10.1.1','Training Institutions',29);
INSERT INTO MAIN_SUB_ACTIVITY(MAIN_SUB_ACTIVITY_RID, MAIN_SUB_ACTIVITY_NEW_CODE, MAIN_SUB_ACTIVITY_OLD_CODE,  MAIN_SUB_ACTIVITY_NAME, MAIN_SUB_ACTIVITY__MAIN_ACTIVITY_RID) VALUES(189,'5.1.1.1.j','No','Others',29);
INSERT INTO MAIN_SUB_ACTIVITY(MAIN_SUB_ACTIVITY_RID, MAIN_SUB_ACTIVITY_NEW_CODE, MAIN_SUB_ACTIVITY_OLD_CODE,  MAIN_SUB_ACTIVITY_NAME, MAIN_SUB_ACTIVITY__MAIN_ACTIVITY_RID) VALUES(190,'5.1.1.2','B4.1.1/ B4.1.2/ B4.1.3/ B4.1.4/ B4.1.6/ B.5.10','Upgradation/ Renovation',29);
INSERT INTO MAIN_SUB_ACTIVITY(MAIN_SUB_ACTIVITY_RID, MAIN_SUB_ACTIVITY_NEW_CODE, MAIN_SUB_ACTIVITY_OLD_CODE,  MAIN_SUB_ACTIVITY_NAME, MAIN_SUB_ACTIVITY__MAIN_ACTIVITY_RID) VALUES(191,'5.1.1.2.a','B4.1.1.2','District Hospitals (As per the DH Strengthening Guidelines)',29);
INSERT INTO MAIN_SUB_ACTIVITY(MAIN_SUB_ACTIVITY_RID, MAIN_SUB_ACTIVITY_NEW_CODE, MAIN_SUB_ACTIVITY_OLD_CODE,  MAIN_SUB_ACTIVITY_NAME, MAIN_SUB_ACTIVITY__MAIN_ACTIVITY_RID) VALUES(192,'5.1.1.2.b','B.26.1.1','Renovation, Dental Chair, Equipment - District Hospitals ',29);
INSERT INTO MAIN_SUB_ACTIVITY(MAIN_SUB_ACTIVITY_RID, MAIN_SUB_ACTIVITY_NEW_CODE, MAIN_SUB_ACTIVITY_OLD_CODE,  MAIN_SUB_ACTIVITY_NAME, MAIN_SUB_ACTIVITY__MAIN_ACTIVITY_RID) VALUES(193,'5.1.1.2.c','B.27.1.4','Renovation of PC unit/OPD/Beds/Miscellaneous equipment etc.',29);
INSERT INTO MAIN_SUB_ACTIVITY(MAIN_SUB_ACTIVITY_RID, MAIN_SUB_ACTIVITY_NEW_CODE, MAIN_SUB_ACTIVITY_OLD_CODE,  MAIN_SUB_ACTIVITY_NAME, MAIN_SUB_ACTIVITY__MAIN_ACTIVITY_RID) VALUES(194,'5.1.1.2.d','B4.1.6.2','SDH',29);
INSERT INTO MAIN_SUB_ACTIVITY(MAIN_SUB_ACTIVITY_RID, MAIN_SUB_ACTIVITY_NEW_CODE, MAIN_SUB_ACTIVITY_OLD_CODE,  MAIN_SUB_ACTIVITY_NAME, MAIN_SUB_ACTIVITY__MAIN_ACTIVITY_RID) VALUES(195,'5.1.1.2.e','B4.1.2.2','CHCs',29);
INSERT INTO MAIN_SUB_ACTIVITY(MAIN_SUB_ACTIVITY_RID, MAIN_SUB_ACTIVITY_NEW_CODE, MAIN_SUB_ACTIVITY_OLD_CODE,  MAIN_SUB_ACTIVITY_NAME, MAIN_SUB_ACTIVITY__MAIN_ACTIVITY_RID) VALUES(196,'5.1.1.2.f','B4.1.3.2','PHCs',29);
INSERT INTO MAIN_SUB_ACTIVITY(MAIN_SUB_ACTIVITY_RID, MAIN_SUB_ACTIVITY_NEW_CODE, MAIN_SUB_ACTIVITY_OLD_CODE,  MAIN_SUB_ACTIVITY_NAME, MAIN_SUB_ACTIVITY__MAIN_ACTIVITY_RID) VALUES(197,'5.1.1.2.g','B4.1.4.2','Sub Centres',29);
INSERT INTO MAIN_SUB_ACTIVITY(MAIN_SUB_ACTIVITY_RID, MAIN_SUB_ACTIVITY_NEW_CODE, MAIN_SUB_ACTIVITY_OLD_CODE,  MAIN_SUB_ACTIVITY_NAME, MAIN_SUB_ACTIVITY__MAIN_ACTIVITY_RID) VALUES(198,'5.1.1.2.h','B18.3','Infrastructure strengthening of SC to H&WC',29);
INSERT INTO MAIN_SUB_ACTIVITY(MAIN_SUB_ACTIVITY_RID, MAIN_SUB_ACTIVITY_NEW_CODE, MAIN_SUB_ACTIVITY_OLD_CODE,  MAIN_SUB_ACTIVITY_NAME, MAIN_SUB_ACTIVITY__MAIN_ACTIVITY_RID) VALUES(199,'5.1.1.2.i','B.5.10.1.2','Training Institutions',29);
INSERT INTO MAIN_SUB_ACTIVITY(MAIN_SUB_ACTIVITY_RID, MAIN_SUB_ACTIVITY_NEW_CODE, MAIN_SUB_ACTIVITY_OLD_CODE,  MAIN_SUB_ACTIVITY_NAME, MAIN_SUB_ACTIVITY__MAIN_ACTIVITY_RID) VALUES(200,'5.1.1.2.j','No','Drug Warehouses',29);
INSERT INTO MAIN_SUB_ACTIVITY(MAIN_SUB_ACTIVITY_RID, MAIN_SUB_ACTIVITY_NEW_CODE, MAIN_SUB_ACTIVITY_OLD_CODE,  MAIN_SUB_ACTIVITY_NAME, MAIN_SUB_ACTIVITY__MAIN_ACTIVITY_RID) VALUES(201,'5.1.1.2.k','new','Upgradation/ Renovation of Obstetric ICUs/ HDUs (as per operational guidelines of ICUs and HDUs, 2017)',29);
INSERT INTO MAIN_SUB_ACTIVITY(MAIN_SUB_ACTIVITY_RID, MAIN_SUB_ACTIVITY_NEW_CODE, MAIN_SUB_ACTIVITY_OLD_CODE,  MAIN_SUB_ACTIVITY_NAME, MAIN_SUB_ACTIVITY__MAIN_ACTIVITY_RID) VALUES(202,'5.1.1.2.l','No','Others',29);
INSERT INTO MAIN_SUB_ACTIVITY(MAIN_SUB_ACTIVITY_RID, MAIN_SUB_ACTIVITY_NEW_CODE, MAIN_SUB_ACTIVITY_OLD_CODE,  MAIN_SUB_ACTIVITY_NAME, MAIN_SUB_ACTIVITY__MAIN_ACTIVITY_RID) VALUES(203,'5.1.1.3','B4.1.1/ B4.1.2/ B4.1.3/ B4.1.4/ B4.1.5/ B4.1.6/ B.5.10','Spill over of Ongoing Works',29);
INSERT INTO MAIN_SUB_ACTIVITY(MAIN_SUB_ACTIVITY_RID, MAIN_SUB_ACTIVITY_NEW_CODE, MAIN_SUB_ACTIVITY_OLD_CODE,  MAIN_SUB_ACTIVITY_NAME, MAIN_SUB_ACTIVITY__MAIN_ACTIVITY_RID) VALUES(204,'5.1.1.3.a','B4.1.1.3','District Hospitals (As per the DH Strengthening Guidelines)',29);
INSERT INTO MAIN_SUB_ACTIVITY(MAIN_SUB_ACTIVITY_RID, MAIN_SUB_ACTIVITY_NEW_CODE, MAIN_SUB_ACTIVITY_OLD_CODE,  MAIN_SUB_ACTIVITY_NAME, MAIN_SUB_ACTIVITY__MAIN_ACTIVITY_RID) VALUES(205,'5.1.1.3.b','B4.1.6.3','SDH',29);
INSERT INTO MAIN_SUB_ACTIVITY(MAIN_SUB_ACTIVITY_RID, MAIN_SUB_ACTIVITY_NEW_CODE, MAIN_SUB_ACTIVITY_OLD_CODE,  MAIN_SUB_ACTIVITY_NAME, MAIN_SUB_ACTIVITY__MAIN_ACTIVITY_RID) VALUES(206,'5.1.1.3.c','B4.1.2.3','CHCs',29);
INSERT INTO MAIN_SUB_ACTIVITY(MAIN_SUB_ACTIVITY_RID, MAIN_SUB_ACTIVITY_NEW_CODE, MAIN_SUB_ACTIVITY_OLD_CODE,  MAIN_SUB_ACTIVITY_NAME, MAIN_SUB_ACTIVITY__MAIN_ACTIVITY_RID) VALUES(207,'5.1.1.3.d','B4.1.3.3','PHCs',29);
INSERT INTO MAIN_SUB_ACTIVITY(MAIN_SUB_ACTIVITY_RID, MAIN_SUB_ACTIVITY_NEW_CODE, MAIN_SUB_ACTIVITY_OLD_CODE,  MAIN_SUB_ACTIVITY_NAME, MAIN_SUB_ACTIVITY__MAIN_ACTIVITY_RID) VALUES(208,'5.1.1.3.e','B4.1.4.3','Sub Centres',29);
INSERT INTO MAIN_SUB_ACTIVITY(MAIN_SUB_ACTIVITY_RID, MAIN_SUB_ACTIVITY_NEW_CODE, MAIN_SUB_ACTIVITY_OLD_CODE,  MAIN_SUB_ACTIVITY_NAME, MAIN_SUB_ACTIVITY__MAIN_ACTIVITY_RID) VALUES(209,'5.1.1.3.f','B4.1.5.3','MCH Wings',29);
INSERT INTO MAIN_SUB_ACTIVITY(MAIN_SUB_ACTIVITY_RID, MAIN_SUB_ACTIVITY_NEW_CODE, MAIN_SUB_ACTIVITY_OLD_CODE,  MAIN_SUB_ACTIVITY_NAME, MAIN_SUB_ACTIVITY__MAIN_ACTIVITY_RID) VALUES(210,'5.1.1.3.g','No','Facility based newborn care centres (SNCU/NBSU/NBCC/KMC unit)',29);
INSERT INTO MAIN_SUB_ACTIVITY(MAIN_SUB_ACTIVITY_RID, MAIN_SUB_ACTIVITY_NEW_CODE, MAIN_SUB_ACTIVITY_OLD_CODE,  MAIN_SUB_ACTIVITY_NAME, MAIN_SUB_ACTIVITY__MAIN_ACTIVITY_RID) VALUES(211,'5.1.1.3.i','B.5.10.1.3','Training Institutions',29);
INSERT INTO MAIN_SUB_ACTIVITY(MAIN_SUB_ACTIVITY_RID, MAIN_SUB_ACTIVITY_NEW_CODE, MAIN_SUB_ACTIVITY_OLD_CODE,  MAIN_SUB_ACTIVITY_NAME, MAIN_SUB_ACTIVITY__MAIN_ACTIVITY_RID) VALUES(212,'5.1.1.3.j','No','Others',29);
INSERT INTO MAIN_SUB_ACTIVITY(MAIN_SUB_ACTIVITY_RID, MAIN_SUB_ACTIVITY_NEW_CODE, MAIN_SUB_ACTIVITY_OLD_CODE,  MAIN_SUB_ACTIVITY_NAME, MAIN_SUB_ACTIVITY__MAIN_ACTIVITY_RID) VALUES(213,'5.1.1.4','B4.1.1/ B4.1.2/ B4.1.3/ B4.1.4/ B4.1.6/ B.5.10','Staff Quarters',29);
INSERT INTO MAIN_SUB_ACTIVITY(MAIN_SUB_ACTIVITY_RID, MAIN_SUB_ACTIVITY_NEW_CODE, MAIN_SUB_ACTIVITY_OLD_CODE,  MAIN_SUB_ACTIVITY_NAME, MAIN_SUB_ACTIVITY__MAIN_ACTIVITY_RID) VALUES(214,'5.1.1.4.a','B4.1.1.4','District Hospitals (As per the DH Strengthening Guidelines)',29);
INSERT INTO MAIN_SUB_ACTIVITY(MAIN_SUB_ACTIVITY_RID, MAIN_SUB_ACTIVITY_NEW_CODE, MAIN_SUB_ACTIVITY_OLD_CODE,  MAIN_SUB_ACTIVITY_NAME, MAIN_SUB_ACTIVITY__MAIN_ACTIVITY_RID) VALUES(215,'5.1.1.4.b','B4.1.6.4','SDH',29);
INSERT INTO MAIN_SUB_ACTIVITY(MAIN_SUB_ACTIVITY_RID, MAIN_SUB_ACTIVITY_NEW_CODE, MAIN_SUB_ACTIVITY_OLD_CODE,  MAIN_SUB_ACTIVITY_NAME, MAIN_SUB_ACTIVITY__MAIN_ACTIVITY_RID) VALUES(216,'5.1.1.4.c','B4.1.2.4','CHCs',29);
INSERT INTO MAIN_SUB_ACTIVITY(MAIN_SUB_ACTIVITY_RID, MAIN_SUB_ACTIVITY_NEW_CODE, MAIN_SUB_ACTIVITY_OLD_CODE,  MAIN_SUB_ACTIVITY_NAME, MAIN_SUB_ACTIVITY__MAIN_ACTIVITY_RID) VALUES(217,'5.1.1.4.d','B4.1.3.4','PHCs',29);
INSERT INTO MAIN_SUB_ACTIVITY(MAIN_SUB_ACTIVITY_RID, MAIN_SUB_ACTIVITY_NEW_CODE, MAIN_SUB_ACTIVITY_OLD_CODE,  MAIN_SUB_ACTIVITY_NAME, MAIN_SUB_ACTIVITY__MAIN_ACTIVITY_RID) VALUES(218,'5.1.1.4.e','B4.1.4.4','Sub Centres',29);
INSERT INTO MAIN_SUB_ACTIVITY(MAIN_SUB_ACTIVITY_RID, MAIN_SUB_ACTIVITY_NEW_CODE, MAIN_SUB_ACTIVITY_OLD_CODE,  MAIN_SUB_ACTIVITY_NAME, MAIN_SUB_ACTIVITY__MAIN_ACTIVITY_RID) VALUES(219,'5.1.1.4.f','B.5.10.1.4','Training Institutions (incl. hostels/residential facilities)',29);
INSERT INTO MAIN_SUB_ACTIVITY(MAIN_SUB_ACTIVITY_RID, MAIN_SUB_ACTIVITY_NEW_CODE, MAIN_SUB_ACTIVITY_OLD_CODE,  MAIN_SUB_ACTIVITY_NAME, MAIN_SUB_ACTIVITY__MAIN_ACTIVITY_RID) VALUES(220,'5.1.1.4.g','No','Others',29);
INSERT INTO MAIN_SUB_ACTIVITY(MAIN_SUB_ACTIVITY_RID, MAIN_SUB_ACTIVITY_NEW_CODE, MAIN_SUB_ACTIVITY_OLD_CODE,  MAIN_SUB_ACTIVITY_NAME, MAIN_SUB_ACTIVITY__MAIN_ACTIVITY_RID) VALUES(221,'5.1.2','B.4.3','Sub Centre Rent and Contingencies',30);
INSERT INTO MAIN_SUB_ACTIVITY(MAIN_SUB_ACTIVITY_RID, MAIN_SUB_ACTIVITY_NEW_CODE, MAIN_SUB_ACTIVITY_OLD_CODE,  MAIN_SUB_ACTIVITY_NAME, MAIN_SUB_ACTIVITY__MAIN_ACTIVITY_RID) VALUES(222,'5.2.1.1','B5.12.1','DH',31);
INSERT INTO MAIN_SUB_ACTIVITY(MAIN_SUB_ACTIVITY_RID, MAIN_SUB_ACTIVITY_NEW_CODE, MAIN_SUB_ACTIVITY_OLD_CODE,  MAIN_SUB_ACTIVITY_NAME, MAIN_SUB_ACTIVITY__MAIN_ACTIVITY_RID) VALUES(223,'5.2.1.2','B5.11.1','SDH',31);
INSERT INTO MAIN_SUB_ACTIVITY(MAIN_SUB_ACTIVITY_RID, MAIN_SUB_ACTIVITY_NEW_CODE, MAIN_SUB_ACTIVITY_OLD_CODE,  MAIN_SUB_ACTIVITY_NAME, MAIN_SUB_ACTIVITY__MAIN_ACTIVITY_RID) VALUES(224,'5.2.1.3','B5.1.1','CHCs',31);
INSERT INTO MAIN_SUB_ACTIVITY(MAIN_SUB_ACTIVITY_RID, MAIN_SUB_ACTIVITY_NEW_CODE, MAIN_SUB_ACTIVITY_OLD_CODE,  MAIN_SUB_ACTIVITY_NAME, MAIN_SUB_ACTIVITY__MAIN_ACTIVITY_RID) VALUES(225,'5.2.1.4','B5.2.1','PHCs',31);
INSERT INTO MAIN_SUB_ACTIVITY(MAIN_SUB_ACTIVITY_RID, MAIN_SUB_ACTIVITY_NEW_CODE, MAIN_SUB_ACTIVITY_OLD_CODE,  MAIN_SUB_ACTIVITY_NAME, MAIN_SUB_ACTIVITY__MAIN_ACTIVITY_RID) VALUES(226,'5.2.1.5','B5.3.1','SHCs/Sub Centres',31);
INSERT INTO MAIN_SUB_ACTIVITY(MAIN_SUB_ACTIVITY_RID, MAIN_SUB_ACTIVITY_NEW_CODE, MAIN_SUB_ACTIVITY_OLD_CODE,  MAIN_SUB_ACTIVITY_NAME, MAIN_SUB_ACTIVITY__MAIN_ACTIVITY_RID) VALUES(227,'5.2.1.6','B4.1.5.1','MCH Wings',31);
INSERT INTO MAIN_SUB_ACTIVITY(MAIN_SUB_ACTIVITY_RID, MAIN_SUB_ACTIVITY_NEW_CODE, MAIN_SUB_ACTIVITY_OLD_CODE,  MAIN_SUB_ACTIVITY_NAME, MAIN_SUB_ACTIVITY__MAIN_ACTIVITY_RID) VALUES(228,'5.2.1.7','B.5.6.1','Facility based newborn care centres (SNCU/NBSU/NBCC/KMC unit)',31);
INSERT INTO MAIN_SUB_ACTIVITY(MAIN_SUB_ACTIVITY_RID, MAIN_SUB_ACTIVITY_NEW_CODE, MAIN_SUB_ACTIVITY_OLD_CODE,  MAIN_SUB_ACTIVITY_NAME, MAIN_SUB_ACTIVITY__MAIN_ACTIVITY_RID) VALUES(229,'5.2.1.8','B5.13.1','DEIC (RBSK)',31);
INSERT INTO MAIN_SUB_ACTIVITY(MAIN_SUB_ACTIVITY_RID, MAIN_SUB_ACTIVITY_NEW_CODE, MAIN_SUB_ACTIVITY_OLD_CODE,  MAIN_SUB_ACTIVITY_NAME, MAIN_SUB_ACTIVITY__MAIN_ACTIVITY_RID) VALUES(230,'5.2.1.9','A.4.1.2','AFHCs at Medical college/ DH/CHC/PHC level  ',31);
INSERT INTO MAIN_SUB_ACTIVITY(MAIN_SUB_ACTIVITY_RID, MAIN_SUB_ACTIVITY_NEW_CODE, MAIN_SUB_ACTIVITY_OLD_CODE,  MAIN_SUB_ACTIVITY_NAME, MAIN_SUB_ACTIVITY__MAIN_ACTIVITY_RID) VALUES(231,'5.2.1.10','A.2.5','Establishment of NRCs',31);
INSERT INTO MAIN_SUB_ACTIVITY(MAIN_SUB_ACTIVITY_RID, MAIN_SUB_ACTIVITY_NEW_CODE, MAIN_SUB_ACTIVITY_OLD_CODE,  MAIN_SUB_ACTIVITY_NAME, MAIN_SUB_ACTIVITY__MAIN_ACTIVITY_RID) VALUES(232,'5.2.1.11','No','Drug Warehouses',31);
INSERT INTO MAIN_SUB_ACTIVITY(MAIN_SUB_ACTIVITY_RID, MAIN_SUB_ACTIVITY_NEW_CODE, MAIN_SUB_ACTIVITY_OLD_CODE,  MAIN_SUB_ACTIVITY_NAME, MAIN_SUB_ACTIVITY__MAIN_ACTIVITY_RID) VALUES(233,'5.2.1.12','B5.5','Govt. Dispensaries/ others',31);
INSERT INTO MAIN_SUB_ACTIVITY(MAIN_SUB_ACTIVITY_RID, MAIN_SUB_ACTIVITY_NEW_CODE, MAIN_SUB_ACTIVITY_OLD_CODE,  MAIN_SUB_ACTIVITY_NAME, MAIN_SUB_ACTIVITY__MAIN_ACTIVITY_RID) VALUES(234,'5.2.1.13','B5.10.2/ B5.10.3','Training Institutions',31);
INSERT INTO MAIN_SUB_ACTIVITY(MAIN_SUB_ACTIVITY_RID, MAIN_SUB_ACTIVITY_NEW_CODE, MAIN_SUB_ACTIVITY_OLD_CODE,  MAIN_SUB_ACTIVITY_NAME, MAIN_SUB_ACTIVITY__MAIN_ACTIVITY_RID) VALUES(235,'5.2.1.14','new','Others',31);
INSERT INTO MAIN_SUB_ACTIVITY(MAIN_SUB_ACTIVITY_RID, MAIN_SUB_ACTIVITY_NEW_CODE, MAIN_SUB_ACTIVITY_OLD_CODE,  MAIN_SUB_ACTIVITY_NAME, MAIN_SUB_ACTIVITY__MAIN_ACTIVITY_RID) VALUES(236,'5.2.2.1','B.5.12.2','DH',32);
INSERT INTO MAIN_SUB_ACTIVITY(MAIN_SUB_ACTIVITY_RID, MAIN_SUB_ACTIVITY_NEW_CODE, MAIN_SUB_ACTIVITY_OLD_CODE,  MAIN_SUB_ACTIVITY_NAME, MAIN_SUB_ACTIVITY__MAIN_ACTIVITY_RID) VALUES(237,'5.2.2.2','B.5.11.2','SDH',32);
INSERT INTO MAIN_SUB_ACTIVITY(MAIN_SUB_ACTIVITY_RID, MAIN_SUB_ACTIVITY_NEW_CODE, MAIN_SUB_ACTIVITY_OLD_CODE,  MAIN_SUB_ACTIVITY_NAME, MAIN_SUB_ACTIVITY__MAIN_ACTIVITY_RID) VALUES(238,'5.2.2.3','B5.1.2','CHCs',32);
INSERT INTO MAIN_SUB_ACTIVITY(MAIN_SUB_ACTIVITY_RID, MAIN_SUB_ACTIVITY_NEW_CODE, MAIN_SUB_ACTIVITY_OLD_CODE,  MAIN_SUB_ACTIVITY_NAME, MAIN_SUB_ACTIVITY__MAIN_ACTIVITY_RID) VALUES(239,'5.2.2.4','B5.2.2','PHCs',32);
INSERT INTO MAIN_SUB_ACTIVITY(MAIN_SUB_ACTIVITY_RID, MAIN_SUB_ACTIVITY_NEW_CODE, MAIN_SUB_ACTIVITY_OLD_CODE,  MAIN_SUB_ACTIVITY_NAME, MAIN_SUB_ACTIVITY__MAIN_ACTIVITY_RID) VALUES(240,'5.2.2.5','B5.3.2','SHCs/Sub Centres',32);
INSERT INTO MAIN_SUB_ACTIVITY(MAIN_SUB_ACTIVITY_RID, MAIN_SUB_ACTIVITY_NEW_CODE, MAIN_SUB_ACTIVITY_OLD_CODE,  MAIN_SUB_ACTIVITY_NAME, MAIN_SUB_ACTIVITY__MAIN_ACTIVITY_RID) VALUES(241,'5.2.2.6','B.5.6.2','Facility based newborn care centres (SNCU/NBSU/NBCC/KMC unit)',32);
INSERT INTO MAIN_SUB_ACTIVITY(MAIN_SUB_ACTIVITY_RID, MAIN_SUB_ACTIVITY_NEW_CODE, MAIN_SUB_ACTIVITY_OLD_CODE,  MAIN_SUB_ACTIVITY_NAME, MAIN_SUB_ACTIVITY__MAIN_ACTIVITY_RID) VALUES(242,'5.2.2.7','B.5.13.2','DEIC (RBSK)',32);
INSERT INTO MAIN_SUB_ACTIVITY(MAIN_SUB_ACTIVITY_RID, MAIN_SUB_ACTIVITY_NEW_CODE, MAIN_SUB_ACTIVITY_OLD_CODE,  MAIN_SUB_ACTIVITY_NAME, MAIN_SUB_ACTIVITY__MAIN_ACTIVITY_RID) VALUES(243,'5.2.2.8','B5.5','Govt. Dispensaries/ others',32);
INSERT INTO MAIN_SUB_ACTIVITY(MAIN_SUB_ACTIVITY_RID, MAIN_SUB_ACTIVITY_NEW_CODE, MAIN_SUB_ACTIVITY_OLD_CODE,  MAIN_SUB_ACTIVITY_NAME, MAIN_SUB_ACTIVITY__MAIN_ACTIVITY_RID) VALUES(244,'5.2.2.9','B5.10.4','Training Institutions',32);
INSERT INTO MAIN_SUB_ACTIVITY(MAIN_SUB_ACTIVITY_RID, MAIN_SUB_ACTIVITY_NEW_CODE, MAIN_SUB_ACTIVITY_OLD_CODE,  MAIN_SUB_ACTIVITY_NAME, MAIN_SUB_ACTIVITY__MAIN_ACTIVITY_RID) VALUES(245,'5.2.2.10','No','Others',32);
INSERT INTO MAIN_SUB_ACTIVITY(MAIN_SUB_ACTIVITY_RID, MAIN_SUB_ACTIVITY_NEW_CODE, MAIN_SUB_ACTIVITY_OLD_CODE,  MAIN_SUB_ACTIVITY_NAME, MAIN_SUB_ACTIVITY__MAIN_ACTIVITY_RID) VALUES(246,'5.3.1','B4.1.5.4','Civil Works',33);
INSERT INTO MAIN_SUB_ACTIVITY(MAIN_SUB_ACTIVITY_RID, MAIN_SUB_ACTIVITY_NEW_CODE, MAIN_SUB_ACTIVITY_OLD_CODE,  MAIN_SUB_ACTIVITY_NAME, MAIN_SUB_ACTIVITY__MAIN_ACTIVITY_RID) VALUES(247,'5.3.2','B1.1.3.7','ASHA Ghar ',33);
INSERT INTO MAIN_SUB_ACTIVITY(MAIN_SUB_ACTIVITY_RID, MAIN_SUB_ACTIVITY_NEW_CODE, MAIN_SUB_ACTIVITY_OLD_CODE,  MAIN_SUB_ACTIVITY_NAME, MAIN_SUB_ACTIVITY__MAIN_ACTIVITY_RID) VALUES(248,'5.3.3','B4.1.5.4.1','Blood bank/ Blood storage/ Day care centre for hemoglobinopathies',33);
INSERT INTO MAIN_SUB_ACTIVITY(MAIN_SUB_ACTIVITY_RID, MAIN_SUB_ACTIVITY_NEW_CODE, MAIN_SUB_ACTIVITY_OLD_CODE,  MAIN_SUB_ACTIVITY_NAME, MAIN_SUB_ACTIVITY__MAIN_ACTIVITY_RID) VALUES(249,'5.3.4','B.5.7','Operationalization of FRUS',33);
INSERT INTO MAIN_SUB_ACTIVITY(MAIN_SUB_ACTIVITY_RID, MAIN_SUB_ACTIVITY_NEW_CODE, MAIN_SUB_ACTIVITY_OLD_CODE,  MAIN_SUB_ACTIVITY_NAME, MAIN_SUB_ACTIVITY__MAIN_ACTIVITY_RID) VALUES(250,'5.3.5','B.5.8','Operationalization of 24 hour services at PHCs',33);
INSERT INTO MAIN_SUB_ACTIVITY(MAIN_SUB_ACTIVITY_RID, MAIN_SUB_ACTIVITY_NEW_CODE, MAIN_SUB_ACTIVITY_OLD_CODE,  MAIN_SUB_ACTIVITY_NAME, MAIN_SUB_ACTIVITY__MAIN_ACTIVITY_RID) VALUES(251,'5.3.6','B.5.9','Operationalising Infection Management & Environment Plan at health facilities',33);
INSERT INTO MAIN_SUB_ACTIVITY(MAIN_SUB_ACTIVITY_RID, MAIN_SUB_ACTIVITY_NEW_CODE, MAIN_SUB_ACTIVITY_OLD_CODE,  MAIN_SUB_ACTIVITY_NAME, MAIN_SUB_ACTIVITY__MAIN_ACTIVITY_RID) VALUES(252,'5.3.7','new','Infrastructure for paediatric OPD and ward',33);
INSERT INTO MAIN_SUB_ACTIVITY(MAIN_SUB_ACTIVITY_RID, MAIN_SUB_ACTIVITY_NEW_CODE, MAIN_SUB_ACTIVITY_OLD_CODE,  MAIN_SUB_ACTIVITY_NAME, MAIN_SUB_ACTIVITY__MAIN_ACTIVITY_RID) VALUES(253,'5.3.8','B.28.1','Assistance to State for Capacity building (Burns & injury): Civil Work',33);
INSERT INTO MAIN_SUB_ACTIVITY(MAIN_SUB_ACTIVITY_RID, MAIN_SUB_ACTIVITY_NEW_CODE, MAIN_SUB_ACTIVITY_OLD_CODE,  MAIN_SUB_ACTIVITY_NAME, MAIN_SUB_ACTIVITY__MAIN_ACTIVITY_RID) VALUES(254,'5.3.9','C.1.p','Safety Pits',33);
INSERT INTO MAIN_SUB_ACTIVITY(MAIN_SUB_ACTIVITY_RID, MAIN_SUB_ACTIVITY_NEW_CODE, MAIN_SUB_ACTIVITY_OLD_CODE,  MAIN_SUB_ACTIVITY_NAME, MAIN_SUB_ACTIVITY__MAIN_ACTIVITY_RID) VALUES(255,'5.3.10','D.2','Establishment of IDD Monitoring Lab',33);
INSERT INTO MAIN_SUB_ACTIVITY(MAIN_SUB_ACTIVITY_RID, MAIN_SUB_ACTIVITY_NEW_CODE, MAIN_SUB_ACTIVITY_OLD_CODE,  MAIN_SUB_ACTIVITY_NAME, MAIN_SUB_ACTIVITY__MAIN_ACTIVITY_RID) VALUES(256,'5.3.11','F.1.1.j','Construction and maintenance of Hatcheries',33);
INSERT INTO MAIN_SUB_ACTIVITY(MAIN_SUB_ACTIVITY_RID, MAIN_SUB_ACTIVITY_NEW_CODE, MAIN_SUB_ACTIVITY_OLD_CODE,  MAIN_SUB_ACTIVITY_NAME, MAIN_SUB_ACTIVITY__MAIN_ACTIVITY_RID) VALUES(257,'5.3.12','F.2.1.e','Infrastructure (INF)',33);
INSERT INTO MAIN_SUB_ACTIVITY(MAIN_SUB_ACTIVITY_RID, MAIN_SUB_ACTIVITY_NEW_CODE, MAIN_SUB_ACTIVITY_OLD_CODE,  MAIN_SUB_ACTIVITY_NAME, MAIN_SUB_ACTIVITY__MAIN_ACTIVITY_RID) VALUES(258,'5.3.13','F.1.3.j','ICU Establishment in Endemic District',33);
INSERT INTO MAIN_SUB_ACTIVITY(MAIN_SUB_ACTIVITY_RID, MAIN_SUB_ACTIVITY_NEW_CODE, MAIN_SUB_ACTIVITY_OLD_CODE,  MAIN_SUB_ACTIVITY_NAME, MAIN_SUB_ACTIVITY__MAIN_ACTIVITY_RID) VALUES(259,'5.3.14','H.1','Civil Works under RNTCP',33);


--Budget Distribute
INSERT INTO BUDGET_DISTRIBUTE(BUDGET_DISTRIBUTE_RID, BUDGET_DISTRIBUTE__MAIN_SUB_ACTIVITY_RID, BUDGET_DISTRIBUTE_AMT_IN_LAKH, BUDGET_DISTRIBUTE_AMT, BUDGET_DISTRIBUTE__UNIT_RID, BUDGET_DISTRIBUTE_YEAR ) VALUES(1,1,2,200000,1,'2018-19');
INSERT INTO BUDGET_DISTRIBUTE(BUDGET_DISTRIBUTE_RID, BUDGET_DISTRIBUTE__MAIN_SUB_ACTIVITY_RID, BUDGET_DISTRIBUTE_AMT_IN_LAKH, BUDGET_DISTRIBUTE_AMT, BUDGET_DISTRIBUTE__UNIT_RID, BUDGET_DISTRIBUTE_YEAR ) VALUES(2,2,84.50,8449925,1,'2018-19');
INSERT INTO BUDGET_DISTRIBUTE(BUDGET_DISTRIBUTE_RID, BUDGET_DISTRIBUTE__MAIN_SUB_ACTIVITY_RID, BUDGET_DISTRIBUTE_AMT_IN_LAKH, BUDGET_DISTRIBUTE_AMT, BUDGET_DISTRIBUTE__UNIT_RID, BUDGET_DISTRIBUTE_YEAR ) VALUES(3,3,5.93,592800,1,'2018-19');
INSERT INTO BUDGET_DISTRIBUTE(BUDGET_DISTRIBUTE_RID, BUDGET_DISTRIBUTE__MAIN_SUB_ACTIVITY_RID, BUDGET_DISTRIBUTE_AMT_IN_LAKH, BUDGET_DISTRIBUTE_AMT, BUDGET_DISTRIBUTE__UNIT_RID, BUDGET_DISTRIBUTE_YEAR ) VALUES(4,5,3.50,350000,1,'2018-19');
INSERT INTO BUDGET_DISTRIBUTE(BUDGET_DISTRIBUTE_RID, BUDGET_DISTRIBUTE__MAIN_SUB_ACTIVITY_RID, BUDGET_DISTRIBUTE_AMT_IN_LAKH, BUDGET_DISTRIBUTE_AMT, BUDGET_DISTRIBUTE__UNIT_RID, BUDGET_DISTRIBUTE_YEAR ) VALUES(5,9,2.09,209000,1,'2018-19');
INSERT INTO BUDGET_DISTRIBUTE(BUDGET_DISTRIBUTE_RID, BUDGET_DISTRIBUTE__MAIN_SUB_ACTIVITY_RID, BUDGET_DISTRIBUTE_AMT_IN_LAKH, BUDGET_DISTRIBUTE_AMT, BUDGET_DISTRIBUTE__UNIT_RID, BUDGET_DISTRIBUTE_YEAR ) VALUES(6,13,0.21,21000,1,'2018-19');
INSERT INTO BUDGET_DISTRIBUTE(BUDGET_DISTRIBUTE_RID, BUDGET_DISTRIBUTE__MAIN_SUB_ACTIVITY_RID, BUDGET_DISTRIBUTE_AMT_IN_LAKH, BUDGET_DISTRIBUTE_AMT, BUDGET_DISTRIBUTE__UNIT_RID, BUDGET_DISTRIBUTE_YEAR ) VALUES(7,18,3.80,380000,1,'2018-19');
INSERT INTO BUDGET_DISTRIBUTE(BUDGET_DISTRIBUTE_RID, BUDGET_DISTRIBUTE__MAIN_SUB_ACTIVITY_RID, BUDGET_DISTRIBUTE_AMT_IN_LAKH, BUDGET_DISTRIBUTE_AMT, BUDGET_DISTRIBUTE__UNIT_RID, BUDGET_DISTRIBUTE_YEAR ) VALUES(8,23,85.20,8519651,1,'2018-19');
INSERT INTO BUDGET_DISTRIBUTE(BUDGET_DISTRIBUTE_RID, BUDGET_DISTRIBUTE__MAIN_SUB_ACTIVITY_RID, BUDGET_DISTRIBUTE_AMT_IN_LAKH, BUDGET_DISTRIBUTE_AMT, BUDGET_DISTRIBUTE__UNIT_RID, BUDGET_DISTRIBUTE_YEAR ) VALUES(9,24,1.52,152000,1,'2018-19');
INSERT INTO BUDGET_DISTRIBUTE(BUDGET_DISTRIBUTE_RID, BUDGET_DISTRIBUTE__MAIN_SUB_ACTIVITY_RID, BUDGET_DISTRIBUTE_AMT_IN_LAKH, BUDGET_DISTRIBUTE_AMT, BUDGET_DISTRIBUTE__UNIT_RID, BUDGET_DISTRIBUTE_YEAR ) VALUES(10,30,6.84,684000,1,'2018-19');
INSERT INTO BUDGET_DISTRIBUTE(BUDGET_DISTRIBUTE_RID, BUDGET_DISTRIBUTE__MAIN_SUB_ACTIVITY_RID, BUDGET_DISTRIBUTE_AMT_IN_LAKH, BUDGET_DISTRIBUTE_AMT, BUDGET_DISTRIBUTE__UNIT_RID, BUDGET_DISTRIBUTE_YEAR ) VALUES(11,31,17.50,1750000,1,'2018-19');
INSERT INTO BUDGET_DISTRIBUTE(BUDGET_DISTRIBUTE_RID, BUDGET_DISTRIBUTE__MAIN_SUB_ACTIVITY_RID, BUDGET_DISTRIBUTE_AMT_IN_LAKH, BUDGET_DISTRIBUTE_AMT, BUDGET_DISTRIBUTE__UNIT_RID, BUDGET_DISTRIBUTE_YEAR ) VALUES(12,32,1.68,167500,1,'2018-19');
INSERT INTO BUDGET_DISTRIBUTE(BUDGET_DISTRIBUTE_RID, BUDGET_DISTRIBUTE__MAIN_SUB_ACTIVITY_RID, BUDGET_DISTRIBUTE_AMT_IN_LAKH, BUDGET_DISTRIBUTE_AMT, BUDGET_DISTRIBUTE__UNIT_RID, BUDGET_DISTRIBUTE_YEAR ) VALUES(13,34,99.49,9949100,1,'2018-19');
INSERT INTO BUDGET_DISTRIBUTE(BUDGET_DISTRIBUTE_RID, BUDGET_DISTRIBUTE__MAIN_SUB_ACTIVITY_RID, BUDGET_DISTRIBUTE_AMT_IN_LAKH, BUDGET_DISTRIBUTE_AMT, BUDGET_DISTRIBUTE__UNIT_RID, BUDGET_DISTRIBUTE_YEAR ) VALUES(14,35,13.29,1329000,1,'2018-19');
INSERT INTO BUDGET_DISTRIBUTE(BUDGET_DISTRIBUTE_RID, BUDGET_DISTRIBUTE__MAIN_SUB_ACTIVITY_RID, BUDGET_DISTRIBUTE_AMT_IN_LAKH, BUDGET_DISTRIBUTE_AMT, BUDGET_DISTRIBUTE__UNIT_RID, BUDGET_DISTRIBUTE_YEAR ) VALUES(15,36,9.98,997500,1,'2018-19');
INSERT INTO BUDGET_DISTRIBUTE(BUDGET_DISTRIBUTE_RID, BUDGET_DISTRIBUTE__MAIN_SUB_ACTIVITY_RID, BUDGET_DISTRIBUTE_AMT_IN_LAKH, BUDGET_DISTRIBUTE_AMT, BUDGET_DISTRIBUTE__UNIT_RID, BUDGET_DISTRIBUTE_YEAR ) VALUES(16,38,112.22,11221985.58,1,'2018-19');
INSERT INTO BUDGET_DISTRIBUTE(BUDGET_DISTRIBUTE_RID, BUDGET_DISTRIBUTE__MAIN_SUB_ACTIVITY_RID, BUDGET_DISTRIBUTE_AMT_IN_LAKH, BUDGET_DISTRIBUTE_AMT, BUDGET_DISTRIBUTE__UNIT_RID, BUDGET_DISTRIBUTE_YEAR ) VALUES(17,39,1.09,108750,1,'2018-19');
INSERT INTO BUDGET_DISTRIBUTE(BUDGET_DISTRIBUTE_RID, BUDGET_DISTRIBUTE__MAIN_SUB_ACTIVITY_RID, BUDGET_DISTRIBUTE_AMT_IN_LAKH, BUDGET_DISTRIBUTE_AMT, BUDGET_DISTRIBUTE__UNIT_RID, BUDGET_DISTRIBUTE_YEAR ) VALUES(18,42,8.55,854700,1,'2018-19');
INSERT INTO BUDGET_DISTRIBUTE(BUDGET_DISTRIBUTE_RID, BUDGET_DISTRIBUTE__MAIN_SUB_ACTIVITY_RID, BUDGET_DISTRIBUTE_AMT_IN_LAKH, BUDGET_DISTRIBUTE_AMT, BUDGET_DISTRIBUTE__UNIT_RID, BUDGET_DISTRIBUTE_YEAR ) VALUES(19,43,0.22,22200,1,'2018-19');
INSERT INTO BUDGET_DISTRIBUTE(BUDGET_DISTRIBUTE_RID, BUDGET_DISTRIBUTE__MAIN_SUB_ACTIVITY_RID, BUDGET_DISTRIBUTE_AMT_IN_LAKH, BUDGET_DISTRIBUTE_AMT, BUDGET_DISTRIBUTE__UNIT_RID, BUDGET_DISTRIBUTE_YEAR ) VALUES(20,45,9.00,900000,1,'2018-19');
INSERT INTO BUDGET_DISTRIBUTE(BUDGET_DISTRIBUTE_RID, BUDGET_DISTRIBUTE__MAIN_SUB_ACTIVITY_RID, BUDGET_DISTRIBUTE_AMT_IN_LAKH, BUDGET_DISTRIBUTE_AMT, BUDGET_DISTRIBUTE__UNIT_RID, BUDGET_DISTRIBUTE_YEAR ) VALUES(21,46,3.44,344000,1,'2018-19');
INSERT INTO BUDGET_DISTRIBUTE(BUDGET_DISTRIBUTE_RID, BUDGET_DISTRIBUTE__MAIN_SUB_ACTIVITY_RID, BUDGET_DISTRIBUTE_AMT_IN_LAKH, BUDGET_DISTRIBUTE_AMT, BUDGET_DISTRIBUTE__UNIT_RID, BUDGET_DISTRIBUTE_YEAR ) VALUES(22,47,13.72,1372000,1,'2018-19');
INSERT INTO BUDGET_DISTRIBUTE(BUDGET_DISTRIBUTE_RID, BUDGET_DISTRIBUTE__MAIN_SUB_ACTIVITY_RID, BUDGET_DISTRIBUTE_AMT_IN_LAKH, BUDGET_DISTRIBUTE_AMT, BUDGET_DISTRIBUTE__UNIT_RID, BUDGET_DISTRIBUTE_YEAR ) VALUES(23,48,5.00,500000,1,'2018-19');
INSERT INTO BUDGET_DISTRIBUTE(BUDGET_DISTRIBUTE_RID, BUDGET_DISTRIBUTE__MAIN_SUB_ACTIVITY_RID, BUDGET_DISTRIBUTE_AMT_IN_LAKH, BUDGET_DISTRIBUTE_AMT, BUDGET_DISTRIBUTE__UNIT_RID, BUDGET_DISTRIBUTE_YEAR ) VALUES(24,50,3.45,344540,1,'2018-19');
INSERT INTO BUDGET_DISTRIBUTE(BUDGET_DISTRIBUTE_RID, BUDGET_DISTRIBUTE__MAIN_SUB_ACTIVITY_RID, BUDGET_DISTRIBUTE_AMT_IN_LAKH, BUDGET_DISTRIBUTE_AMT, BUDGET_DISTRIBUTE__UNIT_RID, BUDGET_DISTRIBUTE_YEAR ) VALUES(25,51,0.44,43750,1,'2018-19');
INSERT INTO BUDGET_DISTRIBUTE(BUDGET_DISTRIBUTE_RID, BUDGET_DISTRIBUTE__MAIN_SUB_ACTIVITY_RID, BUDGET_DISTRIBUTE_AMT_IN_LAKH, BUDGET_DISTRIBUTE_AMT, BUDGET_DISTRIBUTE__UNIT_RID, BUDGET_DISTRIBUTE_YEAR ) VALUES(26,52,0.50,50000,1,'2018-19');
INSERT INTO BUDGET_DISTRIBUTE(BUDGET_DISTRIBUTE_RID, BUDGET_DISTRIBUTE__MAIN_SUB_ACTIVITY_RID, BUDGET_DISTRIBUTE_AMT_IN_LAKH, BUDGET_DISTRIBUTE_AMT, BUDGET_DISTRIBUTE__UNIT_RID, BUDGET_DISTRIBUTE_YEAR ) VALUES(27,54,1.00,100000,1,'2018-19');
INSERT INTO BUDGET_DISTRIBUTE(BUDGET_DISTRIBUTE_RID, BUDGET_DISTRIBUTE__MAIN_SUB_ACTIVITY_RID, BUDGET_DISTRIBUTE_AMT_IN_LAKH, BUDGET_DISTRIBUTE_AMT, BUDGET_DISTRIBUTE__UNIT_RID, BUDGET_DISTRIBUTE_YEAR ) VALUES(28,55,1.25,125000,1,'2018-19');
INSERT INTO BUDGET_DISTRIBUTE(BUDGET_DISTRIBUTE_RID, BUDGET_DISTRIBUTE__MAIN_SUB_ACTIVITY_RID, BUDGET_DISTRIBUTE_AMT_IN_LAKH, BUDGET_DISTRIBUTE_AMT, BUDGET_DISTRIBUTE__UNIT_RID, BUDGET_DISTRIBUTE_YEAR ) VALUES(29,57,0.26,26250,1,'2018-19');
INSERT INTO BUDGET_DISTRIBUTE(BUDGET_DISTRIBUTE_RID, BUDGET_DISTRIBUTE__MAIN_SUB_ACTIVITY_RID, BUDGET_DISTRIBUTE_AMT_IN_LAKH, BUDGET_DISTRIBUTE_AMT, BUDGET_DISTRIBUTE__UNIT_RID, BUDGET_DISTRIBUTE_YEAR ) VALUES(30,59,4.65,465000,1,'2018-19');
INSERT INTO BUDGET_DISTRIBUTE(BUDGET_DISTRIBUTE_RID, BUDGET_DISTRIBUTE__MAIN_SUB_ACTIVITY_RID, BUDGET_DISTRIBUTE_AMT_IN_LAKH, BUDGET_DISTRIBUTE_AMT, BUDGET_DISTRIBUTE__UNIT_RID, BUDGET_DISTRIBUTE_YEAR ) VALUES(31,63,0.05,4800,1,'2018-19');
INSERT INTO BUDGET_DISTRIBUTE(BUDGET_DISTRIBUTE_RID, BUDGET_DISTRIBUTE__MAIN_SUB_ACTIVITY_RID, BUDGET_DISTRIBUTE_AMT_IN_LAKH, BUDGET_DISTRIBUTE_AMT, BUDGET_DISTRIBUTE__UNIT_RID, BUDGET_DISTRIBUTE_YEAR ) VALUES(32,67,22.96,2296000,1,'2018-19');
INSERT INTO BUDGET_DISTRIBUTE(BUDGET_DISTRIBUTE_RID, BUDGET_DISTRIBUTE__MAIN_SUB_ACTIVITY_RID, BUDGET_DISTRIBUTE_AMT_IN_LAKH, BUDGET_DISTRIBUTE_AMT, BUDGET_DISTRIBUTE__UNIT_RID, BUDGET_DISTRIBUTE_YEAR ) VALUES(33,73,11.71,1171200,1,'2018-19');
INSERT INTO BUDGET_DISTRIBUTE(BUDGET_DISTRIBUTE_RID, BUDGET_DISTRIBUTE__MAIN_SUB_ACTIVITY_RID, BUDGET_DISTRIBUTE_AMT_IN_LAKH, BUDGET_DISTRIBUTE_AMT, BUDGET_DISTRIBUTE__UNIT_RID, BUDGET_DISTRIBUTE_YEAR ) VALUES(34,74,0.96,96000,1,'2018-19');
INSERT INTO BUDGET_DISTRIBUTE(BUDGET_DISTRIBUTE_RID, BUDGET_DISTRIBUTE__MAIN_SUB_ACTIVITY_RID, BUDGET_DISTRIBUTE_AMT_IN_LAKH, BUDGET_DISTRIBUTE_AMT, BUDGET_DISTRIBUTE__UNIT_RID, BUDGET_DISTRIBUTE_YEAR ) VALUES(35,75,151.20,15120000,1,'2018-19');
INSERT INTO BUDGET_DISTRIBUTE(BUDGET_DISTRIBUTE_RID, BUDGET_DISTRIBUTE__MAIN_SUB_ACTIVITY_RID, BUDGET_DISTRIBUTE_AMT_IN_LAKH, BUDGET_DISTRIBUTE_AMT, BUDGET_DISTRIBUTE__UNIT_RID, BUDGET_DISTRIBUTE_YEAR ) VALUES(36,76,3.78,378000,1,'2018-19');
INSERT INTO BUDGET_DISTRIBUTE(BUDGET_DISTRIBUTE_RID, BUDGET_DISTRIBUTE__MAIN_SUB_ACTIVITY_RID, BUDGET_DISTRIBUTE_AMT_IN_LAKH, BUDGET_DISTRIBUTE_AMT, BUDGET_DISTRIBUTE__UNIT_RID, BUDGET_DISTRIBUTE_YEAR ) VALUES(37,78,108.48,10848276.98,1,'2018-19');
INSERT INTO BUDGET_DISTRIBUTE(BUDGET_DISTRIBUTE_RID, BUDGET_DISTRIBUTE__MAIN_SUB_ACTIVITY_RID, BUDGET_DISTRIBUTE_AMT_IN_LAKH, BUDGET_DISTRIBUTE_AMT, BUDGET_DISTRIBUTE__UNIT_RID, BUDGET_DISTRIBUTE_YEAR ) VALUES(38,80,6.18,617800,1,'2018-19');
INSERT INTO BUDGET_DISTRIBUTE(BUDGET_DISTRIBUTE_RID, BUDGET_DISTRIBUTE__MAIN_SUB_ACTIVITY_RID, BUDGET_DISTRIBUTE_AMT_IN_LAKH, BUDGET_DISTRIBUTE_AMT, BUDGET_DISTRIBUTE__UNIT_RID, BUDGET_DISTRIBUTE_YEAR ) VALUES(39,83,11.25,1125000,1,'2018-19');
INSERT INTO BUDGET_DISTRIBUTE(BUDGET_DISTRIBUTE_RID, BUDGET_DISTRIBUTE__MAIN_SUB_ACTIVITY_RID, BUDGET_DISTRIBUTE_AMT_IN_LAKH, BUDGET_DISTRIBUTE_AMT, BUDGET_DISTRIBUTE__UNIT_RID, BUDGET_DISTRIBUTE_YEAR ) VALUES(40,84,2.49,249000,1,'2018-19');
INSERT INTO BUDGET_DISTRIBUTE(BUDGET_DISTRIBUTE_RID, BUDGET_DISTRIBUTE__MAIN_SUB_ACTIVITY_RID, BUDGET_DISTRIBUTE_AMT_IN_LAKH, BUDGET_DISTRIBUTE_AMT, BUDGET_DISTRIBUTE__UNIT_RID, BUDGET_DISTRIBUTE_YEAR ) VALUES(41,86,2.70,270000,1,'2018-19');
INSERT INTO BUDGET_DISTRIBUTE(BUDGET_DISTRIBUTE_RID, BUDGET_DISTRIBUTE__MAIN_SUB_ACTIVITY_RID, BUDGET_DISTRIBUTE_AMT_IN_LAKH, BUDGET_DISTRIBUTE_AMT, BUDGET_DISTRIBUTE__UNIT_RID, BUDGET_DISTRIBUTE_YEAR ) VALUES(42,87,4.45,445000,1,'2018-19');
INSERT INTO BUDGET_DISTRIBUTE(BUDGET_DISTRIBUTE_RID, BUDGET_DISTRIBUTE__MAIN_SUB_ACTIVITY_RID, BUDGET_DISTRIBUTE_AMT_IN_LAKH, BUDGET_DISTRIBUTE_AMT, BUDGET_DISTRIBUTE__UNIT_RID, BUDGET_DISTRIBUTE_YEAR ) VALUES(43,88,3.00,300000,1,'2018-19');
INSERT INTO BUDGET_DISTRIBUTE(BUDGET_DISTRIBUTE_RID, BUDGET_DISTRIBUTE__MAIN_SUB_ACTIVITY_RID, BUDGET_DISTRIBUTE_AMT_IN_LAKH, BUDGET_DISTRIBUTE_AMT, BUDGET_DISTRIBUTE__UNIT_RID, BUDGET_DISTRIBUTE_YEAR ) VALUES(44,89,2.75,275000,1,'2018-19');
INSERT INTO BUDGET_DISTRIBUTE(BUDGET_DISTRIBUTE_RID, BUDGET_DISTRIBUTE__MAIN_SUB_ACTIVITY_RID, BUDGET_DISTRIBUTE_AMT_IN_LAKH, BUDGET_DISTRIBUTE_AMT, BUDGET_DISTRIBUTE__UNIT_RID, BUDGET_DISTRIBUTE_YEAR ) VALUES(45,90,0.65,65000,1,'2018-19');
INSERT INTO BUDGET_DISTRIBUTE(BUDGET_DISTRIBUTE_RID, BUDGET_DISTRIBUTE__MAIN_SUB_ACTIVITY_RID, BUDGET_DISTRIBUTE_AMT_IN_LAKH, BUDGET_DISTRIBUTE_AMT, BUDGET_DISTRIBUTE__UNIT_RID, BUDGET_DISTRIBUTE_YEAR ) VALUES(46,92,1.05,104650,1,'2018-19');
INSERT INTO BUDGET_DISTRIBUTE(BUDGET_DISTRIBUTE_RID, BUDGET_DISTRIBUTE__MAIN_SUB_ACTIVITY_RID, BUDGET_DISTRIBUTE_AMT_IN_LAKH, BUDGET_DISTRIBUTE_AMT, BUDGET_DISTRIBUTE__UNIT_RID, BUDGET_DISTRIBUTE_YEAR ) VALUES(47,93,1.05,104650,1,'2018-19');
INSERT INTO BUDGET_DISTRIBUTE(BUDGET_DISTRIBUTE_RID, BUDGET_DISTRIBUTE__MAIN_SUB_ACTIVITY_RID, BUDGET_DISTRIBUTE_AMT_IN_LAKH, BUDGET_DISTRIBUTE_AMT, BUDGET_DISTRIBUTE__UNIT_RID, BUDGET_DISTRIBUTE_YEAR ) VALUES(48,95,0.90,90000,1,'2018-19');
INSERT INTO BUDGET_DISTRIBUTE(BUDGET_DISTRIBUTE_RID, BUDGET_DISTRIBUTE__MAIN_SUB_ACTIVITY_RID, BUDGET_DISTRIBUTE_AMT_IN_LAKH, BUDGET_DISTRIBUTE_AMT, BUDGET_DISTRIBUTE__UNIT_RID, BUDGET_DISTRIBUTE_YEAR ) VALUES(49,96,0.30,30000,1,'2018-19');
INSERT INTO BUDGET_DISTRIBUTE(BUDGET_DISTRIBUTE_RID, BUDGET_DISTRIBUTE__MAIN_SUB_ACTIVITY_RID, BUDGET_DISTRIBUTE_AMT_IN_LAKH, BUDGET_DISTRIBUTE_AMT, BUDGET_DISTRIBUTE__UNIT_RID, BUDGET_DISTRIBUTE_YEAR ) VALUES(50,97,0.45,45000,1,'2018-19');
INSERT INTO BUDGET_DISTRIBUTE(BUDGET_DISTRIBUTE_RID, BUDGET_DISTRIBUTE__MAIN_SUB_ACTIVITY_RID, BUDGET_DISTRIBUTE_AMT_IN_LAKH, BUDGET_DISTRIBUTE_AMT, BUDGET_DISTRIBUTE__UNIT_RID, BUDGET_DISTRIBUTE_YEAR ) VALUES(51,98,0.15,15000,1,'2018-19');
INSERT INTO BUDGET_DISTRIBUTE(BUDGET_DISTRIBUTE_RID, BUDGET_DISTRIBUTE__MAIN_SUB_ACTIVITY_RID, BUDGET_DISTRIBUTE_AMT_IN_LAKH, BUDGET_DISTRIBUTE_AMT, BUDGET_DISTRIBUTE__UNIT_RID, BUDGET_DISTRIBUTE_YEAR ) VALUES(52,99,0.30,30000,1,'2018-19');
INSERT INTO BUDGET_DISTRIBUTE(BUDGET_DISTRIBUTE_RID, BUDGET_DISTRIBUTE__MAIN_SUB_ACTIVITY_RID, BUDGET_DISTRIBUTE_AMT_IN_LAKH, BUDGET_DISTRIBUTE_AMT, BUDGET_DISTRIBUTE__UNIT_RID, BUDGET_DISTRIBUTE_YEAR ) VALUES(53,1,2.00,200000,2,'2018-19');
INSERT INTO BUDGET_DISTRIBUTE(BUDGET_DISTRIBUTE_RID, BUDGET_DISTRIBUTE__MAIN_SUB_ACTIVITY_RID, BUDGET_DISTRIBUTE_AMT_IN_LAKH, BUDGET_DISTRIBUTE_AMT, BUDGET_DISTRIBUTE__UNIT_RID, BUDGET_DISTRIBUTE_YEAR ) VALUES(54,2,23.50,2349945,3,'2018-19');
INSERT INTO BUDGET_DISTRIBUTE(BUDGET_DISTRIBUTE_RID, BUDGET_DISTRIBUTE__MAIN_SUB_ACTIVITY_RID, BUDGET_DISTRIBUTE_AMT_IN_LAKH, BUDGET_DISTRIBUTE_AMT, BUDGET_DISTRIBUTE__UNIT_RID, BUDGET_DISTRIBUTE_YEAR ) VALUES(55,3,22.55,2255400,4,'2018-19');
INSERT INTO BUDGET_DISTRIBUTE(BUDGET_DISTRIBUTE_RID, BUDGET_DISTRIBUTE__MAIN_SUB_ACTIVITY_RID, BUDGET_DISTRIBUTE_AMT_IN_LAKH, BUDGET_DISTRIBUTE_AMT, BUDGET_DISTRIBUTE__UNIT_RID, BUDGET_DISTRIBUTE_YEAR ) VALUES(56,5,3.50,350000,5,'2018-19');
INSERT INTO BUDGET_DISTRIBUTE(BUDGET_DISTRIBUTE_RID, BUDGET_DISTRIBUTE__MAIN_SUB_ACTIVITY_RID, BUDGET_DISTRIBUTE_AMT_IN_LAKH, BUDGET_DISTRIBUTE_AMT, BUDGET_DISTRIBUTE__UNIT_RID, BUDGET_DISTRIBUTE_YEAR ) VALUES(57,9,2.09,209000,6,'2018-19');
INSERT INTO BUDGET_DISTRIBUTE(BUDGET_DISTRIBUTE_RID, BUDGET_DISTRIBUTE__MAIN_SUB_ACTIVITY_RID, BUDGET_DISTRIBUTE_AMT_IN_LAKH, BUDGET_DISTRIBUTE_AMT, BUDGET_DISTRIBUTE__UNIT_RID, BUDGET_DISTRIBUTE_YEAR ) VALUES(58,13,1.40,140000,7,'2018-19');
INSERT INTO BUDGET_DISTRIBUTE(BUDGET_DISTRIBUTE_RID, BUDGET_DISTRIBUTE__MAIN_SUB_ACTIVITY_RID, BUDGET_DISTRIBUTE_AMT_IN_LAKH, BUDGET_DISTRIBUTE_AMT, BUDGET_DISTRIBUTE__UNIT_RID, BUDGET_DISTRIBUTE_YEAR ) VALUES(59,21,25.13,2513183,8,'2018-19');
INSERT INTO BUDGET_DISTRIBUTE(BUDGET_DISTRIBUTE_RID, BUDGET_DISTRIBUTE__MAIN_SUB_ACTIVITY_RID, BUDGET_DISTRIBUTE_AMT_IN_LAKH, BUDGET_DISTRIBUTE_AMT, BUDGET_DISTRIBUTE__UNIT_RID, BUDGET_DISTRIBUTE_YEAR ) VALUES(60,22,0.64,64000,9,'2018-19');
INSERT INTO BUDGET_DISTRIBUTE(BUDGET_DISTRIBUTE_RID, BUDGET_DISTRIBUTE__MAIN_SUB_ACTIVITY_RID, BUDGET_DISTRIBUTE_AMT_IN_LAKH, BUDGET_DISTRIBUTE_AMT, BUDGET_DISTRIBUTE__UNIT_RID, BUDGET_DISTRIBUTE_YEAR ) VALUES(61,30,5.00,500000,10,'2018-19');
INSERT INTO BUDGET_DISTRIBUTE(BUDGET_DISTRIBUTE_RID, BUDGET_DISTRIBUTE__MAIN_SUB_ACTIVITY_RID, BUDGET_DISTRIBUTE_AMT_IN_LAKH, BUDGET_DISTRIBUTE_AMT, BUDGET_DISTRIBUTE__UNIT_RID, BUDGET_DISTRIBUTE_YEAR ) VALUES(62,32,0.71,70500,11,'2018-19');
INSERT INTO BUDGET_DISTRIBUTE(BUDGET_DISTRIBUTE_RID, BUDGET_DISTRIBUTE__MAIN_SUB_ACTIVITY_RID, BUDGET_DISTRIBUTE_AMT_IN_LAKH, BUDGET_DISTRIBUTE_AMT, BUDGET_DISTRIBUTE__UNIT_RID, BUDGET_DISTRIBUTE_YEAR ) VALUES(63,34,37.24,3724000,12,'2018-19');
INSERT INTO BUDGET_DISTRIBUTE(BUDGET_DISTRIBUTE_RID, BUDGET_DISTRIBUTE__MAIN_SUB_ACTIVITY_RID, BUDGET_DISTRIBUTE_AMT_IN_LAKH, BUDGET_DISTRIBUTE_AMT, BUDGET_DISTRIBUTE__UNIT_RID, BUDGET_DISTRIBUTE_YEAR ) VALUES(64,35,9.46,945600,13,'2018-19');
INSERT INTO BUDGET_DISTRIBUTE(BUDGET_DISTRIBUTE_RID, BUDGET_DISTRIBUTE__MAIN_SUB_ACTIVITY_RID, BUDGET_DISTRIBUTE_AMT_IN_LAKH, BUDGET_DISTRIBUTE_AMT, BUDGET_DISTRIBUTE__UNIT_RID, BUDGET_DISTRIBUTE_YEAR ) VALUES(65,36,4.19,418500,14,'2018-19');
INSERT INTO BUDGET_DISTRIBUTE(BUDGET_DISTRIBUTE_RID, BUDGET_DISTRIBUTE__MAIN_SUB_ACTIVITY_RID, BUDGET_DISTRIBUTE_AMT_IN_LAKH, BUDGET_DISTRIBUTE_AMT, BUDGET_DISTRIBUTE__UNIT_RID, BUDGET_DISTRIBUTE_YEAR ) VALUES(66,38,33.17,3316619.22,15,'2018-19');
INSERT INTO BUDGET_DISTRIBUTE(BUDGET_DISTRIBUTE_RID, BUDGET_DISTRIBUTE__MAIN_SUB_ACTIVITY_RID, BUDGET_DISTRIBUTE_AMT_IN_LAKH, BUDGET_DISTRIBUTE_AMT, BUDGET_DISTRIBUTE__UNIT_RID, BUDGET_DISTRIBUTE_YEAR ) VALUES(67,39,9.06,906250,16,'2018-19');
INSERT INTO BUDGET_DISTRIBUTE(BUDGET_DISTRIBUTE_RID, BUDGET_DISTRIBUTE__MAIN_SUB_ACTIVITY_RID, BUDGET_DISTRIBUTE_AMT_IN_LAKH, BUDGET_DISTRIBUTE_AMT, BUDGET_DISTRIBUTE__UNIT_RID, BUDGET_DISTRIBUTE_YEAR ) VALUES(68,42,4.04,403800,17,'2018-19');
INSERT INTO BUDGET_DISTRIBUTE(BUDGET_DISTRIBUTE_RID, BUDGET_DISTRIBUTE__MAIN_SUB_ACTIVITY_RID, BUDGET_DISTRIBUTE_AMT_IN_LAKH, BUDGET_DISTRIBUTE_AMT, BUDGET_DISTRIBUTE__UNIT_RID, BUDGET_DISTRIBUTE_YEAR ) VALUES(69,43,0.14,14400,18,'2018-19');
INSERT INTO BUDGET_DISTRIBUTE(BUDGET_DISTRIBUTE_RID, BUDGET_DISTRIBUTE__MAIN_SUB_ACTIVITY_RID, BUDGET_DISTRIBUTE_AMT_IN_LAKH, BUDGET_DISTRIBUTE_AMT, BUDGET_DISTRIBUTE__UNIT_RID, BUDGET_DISTRIBUTE_YEAR ) VALUES(70,45,3.00,300000,19,'2018-19');
INSERT INTO BUDGET_DISTRIBUTE(BUDGET_DISTRIBUTE_RID, BUDGET_DISTRIBUTE__MAIN_SUB_ACTIVITY_RID, BUDGET_DISTRIBUTE_AMT_IN_LAKH, BUDGET_DISTRIBUTE_AMT, BUDGET_DISTRIBUTE__UNIT_RID, BUDGET_DISTRIBUTE_YEAR ) VALUES(71,47,25.06,2506000,20,'2018-19');
INSERT INTO BUDGET_DISTRIBUTE(BUDGET_DISTRIBUTE_RID, BUDGET_DISTRIBUTE__MAIN_SUB_ACTIVITY_RID, BUDGET_DISTRIBUTE_AMT_IN_LAKH, BUDGET_DISTRIBUTE_AMT, BUDGET_DISTRIBUTE__UNIT_RID, BUDGET_DISTRIBUTE_YEAR ) VALUES(72,48,1.00,100000,21,'2018-19');
INSERT INTO BUDGET_DISTRIBUTE(BUDGET_DISTRIBUTE_RID, BUDGET_DISTRIBUTE__MAIN_SUB_ACTIVITY_RID, BUDGET_DISTRIBUTE_AMT_IN_LAKH, BUDGET_DISTRIBUTE_AMT, BUDGET_DISTRIBUTE__UNIT_RID, BUDGET_DISTRIBUTE_YEAR ) VALUES(73,50,3.45,344540,22,'2018-19');
INSERT INTO BUDGET_DISTRIBUTE(BUDGET_DISTRIBUTE_RID, BUDGET_DISTRIBUTE__MAIN_SUB_ACTIVITY_RID, BUDGET_DISTRIBUTE_AMT_IN_LAKH, BUDGET_DISTRIBUTE_AMT, BUDGET_DISTRIBUTE__UNIT_RID, BUDGET_DISTRIBUTE_YEAR ) VALUES(74,51,0.44,43750,23,'2018-19');
INSERT INTO BUDGET_DISTRIBUTE(BUDGET_DISTRIBUTE_RID, BUDGET_DISTRIBUTE__MAIN_SUB_ACTIVITY_RID, BUDGET_DISTRIBUTE_AMT_IN_LAKH, BUDGET_DISTRIBUTE_AMT, BUDGET_DISTRIBUTE__UNIT_RID, BUDGET_DISTRIBUTE_YEAR ) VALUES(75,52,0.50,50000,24,'2018-19');
INSERT INTO BUDGET_DISTRIBUTE(BUDGET_DISTRIBUTE_RID, BUDGET_DISTRIBUTE__MAIN_SUB_ACTIVITY_RID, BUDGET_DISTRIBUTE_AMT_IN_LAKH, BUDGET_DISTRIBUTE_AMT, BUDGET_DISTRIBUTE__UNIT_RID, BUDGET_DISTRIBUTE_YEAR ) VALUES(76,54,1.00,100000,25,'2018-19');
INSERT INTO BUDGET_DISTRIBUTE(BUDGET_DISTRIBUTE_RID, BUDGET_DISTRIBUTE__MAIN_SUB_ACTIVITY_RID, BUDGET_DISTRIBUTE_AMT_IN_LAKH, BUDGET_DISTRIBUTE_AMT, BUDGET_DISTRIBUTE__UNIT_RID, BUDGET_DISTRIBUTE_YEAR ) VALUES(77,55,0.30,30000,26,'2018-19');
INSERT INTO BUDGET_DISTRIBUTE(BUDGET_DISTRIBUTE_RID, BUDGET_DISTRIBUTE__MAIN_SUB_ACTIVITY_RID, BUDGET_DISTRIBUTE_AMT_IN_LAKH, BUDGET_DISTRIBUTE_AMT, BUDGET_DISTRIBUTE__UNIT_RID, BUDGET_DISTRIBUTE_YEAR ) VALUES(78,59,1.55,155000,27,'2018-19');
INSERT INTO BUDGET_DISTRIBUTE(BUDGET_DISTRIBUTE_RID, BUDGET_DISTRIBUTE__MAIN_SUB_ACTIVITY_RID, BUDGET_DISTRIBUTE_AMT_IN_LAKH, BUDGET_DISTRIBUTE_AMT, BUDGET_DISTRIBUTE__UNIT_RID, BUDGET_DISTRIBUTE_YEAR ) VALUES(79,63,0.05,4800,2,'2018-19');



